FortissRoboticsNamespaceMetadata,15001,Object
FortissRoboticsNamespaceMetadata_NamespaceUri,15002,Variable
FortissRoboticsNamespaceMetadata_NamespaceVersion,15003,Variable
FortissRoboticsNamespaceMetadata_NamespacePublicationDate,15004,Variable
FortissRoboticsNamespaceMetadata_IsNamespaceSubset,15005,Variable
FortissRoboticsNamespaceMetadata_StaticNodeIdTypes,15006,Variable
FortissRoboticsNamespaceMetadata_StaticNumericNodeIdRange,15007,Variable
FortissRoboticsNamespaceMetadata_StaticStringNodeIdPattern,15008,Variable
FortissRoboticsNamespaceMetadata_NamespaceFile,15009,Object
FortissRoboticsNamespaceMetadata_NamespaceFile_Size,15010,Variable
FortissRoboticsNamespaceMetadata_NamespaceFile_Writable,15011,Variable
FortissRoboticsNamespaceMetadata_NamespaceFile_UserWritable,15012,Variable
FortissRoboticsNamespaceMetadata_NamespaceFile_OpenCount,15013,Variable
FortissRoboticsNamespaceMetadata_NamespaceFile_MimeType,15014,Variable
FortissRoboticsNamespaceMetadata_NamespaceFile_Open,15015,Method
FortissRoboticsNamespaceMetadata_NamespaceFile_Open_InputArguments,15016,Variable
FortissRoboticsNamespaceMetadata_NamespaceFile_Open_OutputArguments,15017,Variable
FortissRoboticsNamespaceMetadata_NamespaceFile_Close,15018,Method
FortissRoboticsNamespaceMetadata_NamespaceFile_Close_InputArguments,15019,Variable
FortissRoboticsNamespaceMetadata_NamespaceFile_Read,15020,Method
FortissRoboticsNamespaceMetadata_NamespaceFile_Read_InputArguments,15021,Variable
FortissRoboticsNamespaceMetadata_NamespaceFile_Read_OutputArguments,15022,Variable
FortissRoboticsNamespaceMetadata_NamespaceFile_Write,15023,Method
FortissRoboticsNamespaceMetadata_NamespaceFile_Write_InputArguments,15024,Variable
FortissRoboticsNamespaceMetadata_NamespaceFile_GetPosition,15025,Method
FortissRoboticsNamespaceMetadata_NamespaceFile_GetPosition_InputArguments,15026,Variable
FortissRoboticsNamespaceMetadata_NamespaceFile_GetPosition_OutputArguments,15027,Variable
FortissRoboticsNamespaceMetadata_NamespaceFile_SetPosition,15028,Method
FortissRoboticsNamespaceMetadata_NamespaceFile_SetPosition_InputArguments,15029,Variable
FortissRoboticsNamespaceMetadata_NamespaceFile_ExportNamespace,15030,Method
FortissRoboticsNamespaceMetadata_DefaultRolePermissions,15031,Variable
FortissRoboticsNamespaceMetadata_DefaultUserRolePermissions,15032,Variable
FortissRoboticsNamespaceMetadata_DefaultAccessRestrictions,15033,Variable
MoveSkillType,15034,ObjectType
MoveSkillType_CurrentState,15035,Variable
MoveSkillType_CurrentState_Id,15036,Variable
MoveSkillType_CurrentState_Name,15037,Variable
MoveSkillType_CurrentState_Number,15038,Variable
MoveSkillType_CurrentState_EffectiveDisplayName,15039,Variable
MoveSkillType_LastTransition,15040,Variable
MoveSkillType_LastTransition_Id,15041,Variable
MoveSkillType_LastTransition_Name,15042,Variable
MoveSkillType_LastTransition_Number,15043,Variable
MoveSkillType_LastTransition_TransitionTime,15044,Variable
MoveSkillType_LastTransition_EffectiveTransitionTime,15045,Variable
MoveSkillType_AvailableStates,15046,Variable
MoveSkillType_AvailableTransitions,15047,Variable
MoveSkillType_Creatable,15048,Variable
MoveSkillType_Deletable,15049,Variable
MoveSkillType_AutoDelete,15050,Variable
MoveSkillType_RecycleCount,15051,Variable
MoveSkillType_InstanceCount,15052,Variable
MoveSkillType_MaxInstanceCount,15053,Variable
MoveSkillType_MaxRecycleCount,15054,Variable
MoveSkillType_ProgramDiagnostic,15055,Variable
MoveSkillType_ProgramDiagnostic_CreateSessionId,15056,Variable
MoveSkillType_ProgramDiagnostic_CreateClientName,15057,Variable
MoveSkillType_ProgramDiagnostic_InvocationCreationTime,15058,Variable
MoveSkillType_ProgramDiagnostic_LastTransitionTime,15059,Variable
MoveSkillType_ProgramDiagnostic_LastMethodCall,15060,Variable
MoveSkillType_ProgramDiagnostic_LastMethodSessionId,15061,Variable
MoveSkillType_ProgramDiagnostic_LastMethodInputArguments,15062,Variable
MoveSkillType_ProgramDiagnostic_LastMethodOutputArguments,15063,Variable
MoveSkillType_ProgramDiagnostic_LastMethodInputValues,15064,Variable
MoveSkillType_ProgramDiagnostic_LastMethodOutputValues,15065,Variable
MoveSkillType_ProgramDiagnostic_LastMethodCallTime,15066,Variable
MoveSkillType_ProgramDiagnostic_LastMethodReturnStatus,15067,Variable
MoveSkillType_FinalResultData,15068,Object
MoveSkillType_Halted,15069,Object
MoveSkillType_Halted_StateNumber,15070,Variable
MoveSkillType_Ready,15071,Object
MoveSkillType_Ready_StateNumber,15072,Variable
MoveSkillType_Running,15073,Object
MoveSkillType_Running_StateNumber,15074,Variable
MoveSkillType_Suspended,15075,Object
MoveSkillType_Suspended_StateNumber,15076,Variable
MoveSkillType_HaltedToReady,15077,Object
MoveSkillType_HaltedToReady_TransitionNumber,15078,Variable
MoveSkillType_ReadyToRunning,15079,Object
MoveSkillType_ReadyToRunning_TransitionNumber,15080,Variable
MoveSkillType_RunningToHalted,15081,Object
MoveSkillType_RunningToHalted_TransitionNumber,15082,Variable
MoveSkillType_RunningToReady,15083,Object
MoveSkillType_RunningToReady_TransitionNumber,15084,Variable
MoveSkillType_RunningToSuspended,15085,Object
MoveSkillType_RunningToSuspended_TransitionNumber,15086,Variable
MoveSkillType_SuspendedToRunning,15087,Object
MoveSkillType_SuspendedToRunning_TransitionNumber,15088,Variable
MoveSkillType_SuspendedToHalted,15089,Object
MoveSkillType_SuspendedToHalted_TransitionNumber,15090,Variable
MoveSkillType_SuspendedToReady,15091,Object
MoveSkillType_SuspendedToReady_TransitionNumber,15092,Variable
MoveSkillType_ReadyToHalted,15093,Object
MoveSkillType_ReadyToHalted_TransitionNumber,15094,Variable
MoveSkillType_Start,15095,Method
MoveSkillType_Suspend,15096,Method
MoveSkillType_Resume,15097,Method
MoveSkillType_Halt,15098,Method
MoveSkillType_Reset,15099,Method
MoveSkillType_Name,15100,Variable
MoveSkillType_ParameterSet,15101,Object
MoveSkillType_ParameterSet_ToolFrame,15102,Variable
LinearMoveSkillType,15103,ObjectType
LinearMoveSkillType_CurrentState,15104,Variable
LinearMoveSkillType_CurrentState_Id,15105,Variable
LinearMoveSkillType_CurrentState_Name,15106,Variable
LinearMoveSkillType_CurrentState_Number,15107,Variable
LinearMoveSkillType_CurrentState_EffectiveDisplayName,15108,Variable
LinearMoveSkillType_LastTransition,15109,Variable
LinearMoveSkillType_LastTransition_Id,15110,Variable
LinearMoveSkillType_LastTransition_Name,15111,Variable
LinearMoveSkillType_LastTransition_Number,15112,Variable
LinearMoveSkillType_LastTransition_TransitionTime,15113,Variable
LinearMoveSkillType_LastTransition_EffectiveTransitionTime,15114,Variable
LinearMoveSkillType_AvailableStates,15115,Variable
LinearMoveSkillType_AvailableTransitions,15116,Variable
LinearMoveSkillType_Creatable,15117,Variable
LinearMoveSkillType_Deletable,15118,Variable
LinearMoveSkillType_AutoDelete,15119,Variable
LinearMoveSkillType_RecycleCount,15120,Variable
LinearMoveSkillType_InstanceCount,15121,Variable
LinearMoveSkillType_MaxInstanceCount,15122,Variable
LinearMoveSkillType_MaxRecycleCount,15123,Variable
LinearMoveSkillType_ProgramDiagnostic,15124,Variable
LinearMoveSkillType_ProgramDiagnostic_CreateSessionId,15125,Variable
LinearMoveSkillType_ProgramDiagnostic_CreateClientName,15126,Variable
LinearMoveSkillType_ProgramDiagnostic_InvocationCreationTime,15127,Variable
LinearMoveSkillType_ProgramDiagnostic_LastTransitionTime,15128,Variable
LinearMoveSkillType_ProgramDiagnostic_LastMethodCall,15129,Variable
LinearMoveSkillType_ProgramDiagnostic_LastMethodSessionId,15130,Variable
LinearMoveSkillType_ProgramDiagnostic_LastMethodInputArguments,15131,Variable
LinearMoveSkillType_ProgramDiagnostic_LastMethodOutputArguments,15132,Variable
LinearMoveSkillType_ProgramDiagnostic_LastMethodInputValues,15133,Variable
LinearMoveSkillType_ProgramDiagnostic_LastMethodOutputValues,15134,Variable
LinearMoveSkillType_ProgramDiagnostic_LastMethodCallTime,15135,Variable
LinearMoveSkillType_ProgramDiagnostic_LastMethodReturnStatus,15136,Variable
LinearMoveSkillType_FinalResultData,15137,Object
LinearMoveSkillType_Halted,15138,Object
LinearMoveSkillType_Halted_StateNumber,15139,Variable
LinearMoveSkillType_Ready,15140,Object
LinearMoveSkillType_Ready_StateNumber,15141,Variable
LinearMoveSkillType_Running,15142,Object
LinearMoveSkillType_Running_StateNumber,15143,Variable
LinearMoveSkillType_Suspended,15144,Object
LinearMoveSkillType_Suspended_StateNumber,15145,Variable
LinearMoveSkillType_HaltedToReady,15146,Object
LinearMoveSkillType_HaltedToReady_TransitionNumber,15147,Variable
LinearMoveSkillType_ReadyToRunning,15148,Object
LinearMoveSkillType_ReadyToRunning_TransitionNumber,15149,Variable
LinearMoveSkillType_RunningToHalted,15150,Object
LinearMoveSkillType_RunningToHalted_TransitionNumber,15151,Variable
LinearMoveSkillType_RunningToReady,15152,Object
LinearMoveSkillType_RunningToReady_TransitionNumber,15153,Variable
LinearMoveSkillType_RunningToSuspended,15154,Object
LinearMoveSkillType_RunningToSuspended_TransitionNumber,15155,Variable
LinearMoveSkillType_SuspendedToRunning,15156,Object
LinearMoveSkillType_SuspendedToRunning_TransitionNumber,15157,Variable
LinearMoveSkillType_SuspendedToHalted,15158,Object
LinearMoveSkillType_SuspendedToHalted_TransitionNumber,15159,Variable
LinearMoveSkillType_SuspendedToReady,15160,Object
LinearMoveSkillType_SuspendedToReady_TransitionNumber,15161,Variable
LinearMoveSkillType_ReadyToHalted,15162,Object
LinearMoveSkillType_ReadyToHalted_TransitionNumber,15163,Variable
LinearMoveSkillType_Start,15164,Method
LinearMoveSkillType_Suspend,15165,Method
LinearMoveSkillType_Resume,15166,Method
LinearMoveSkillType_Halt,15167,Method
LinearMoveSkillType_Reset,15168,Method
LinearMoveSkillType_Name,15169,Variable
LinearMoveSkillType_ParameterSet,15170,Object
LinearMoveSkillType_ParameterSet_ToolFrame,15171,Variable
LinearMoveSkillType_ParameterSet_MaxAcceleration,15172,Variable
LinearMoveSkillType_ParameterSet_MaxAcceleration_Definition,15173,Variable
LinearMoveSkillType_ParameterSet_MaxAcceleration_ValuePrecision,15174,Variable
LinearMoveSkillType_ParameterSet_MaxAcceleration_InstrumentRange,15175,Variable
LinearMoveSkillType_ParameterSet_MaxAcceleration_EURange,15176,Variable
LinearMoveSkillType_ParameterSet_MaxAcceleration_EngineeringUnits,15177,Variable
LinearMoveSkillType_ParameterSet_MaxVelocity,15178,Variable
LinearMoveSkillType_ParameterSet_MaxVelocity_Definition,15179,Variable
LinearMoveSkillType_ParameterSet_MaxVelocity_ValuePrecision,15180,Variable
LinearMoveSkillType_ParameterSet_MaxVelocity_InstrumentRange,15181,Variable
LinearMoveSkillType_ParameterSet_MaxVelocity_EURange,15182,Variable
LinearMoveSkillType_ParameterSet_MaxVelocity_EngineeringUnits,15183,Variable
PtpMoveSkillType,15184,ObjectType
PtpMoveSkillType_CurrentState,15185,Variable
PtpMoveSkillType_CurrentState_Id,15186,Variable
PtpMoveSkillType_CurrentState_Name,15187,Variable
PtpMoveSkillType_CurrentState_Number,15188,Variable
PtpMoveSkillType_CurrentState_EffectiveDisplayName,15189,Variable
PtpMoveSkillType_LastTransition,15190,Variable
PtpMoveSkillType_LastTransition_Id,15191,Variable
PtpMoveSkillType_LastTransition_Name,15192,Variable
PtpMoveSkillType_LastTransition_Number,15193,Variable
PtpMoveSkillType_LastTransition_TransitionTime,15194,Variable
PtpMoveSkillType_LastTransition_EffectiveTransitionTime,15195,Variable
PtpMoveSkillType_AvailableStates,15196,Variable
PtpMoveSkillType_AvailableTransitions,15197,Variable
PtpMoveSkillType_Creatable,15198,Variable
PtpMoveSkillType_Deletable,15199,Variable
PtpMoveSkillType_AutoDelete,15200,Variable
PtpMoveSkillType_RecycleCount,15201,Variable
PtpMoveSkillType_InstanceCount,15202,Variable
PtpMoveSkillType_MaxInstanceCount,15203,Variable
PtpMoveSkillType_MaxRecycleCount,15204,Variable
PtpMoveSkillType_ProgramDiagnostic,15205,Variable
PtpMoveSkillType_ProgramDiagnostic_CreateSessionId,15206,Variable
PtpMoveSkillType_ProgramDiagnostic_CreateClientName,15207,Variable
PtpMoveSkillType_ProgramDiagnostic_InvocationCreationTime,15208,Variable
PtpMoveSkillType_ProgramDiagnostic_LastTransitionTime,15209,Variable
PtpMoveSkillType_ProgramDiagnostic_LastMethodCall,15210,Variable
PtpMoveSkillType_ProgramDiagnostic_LastMethodSessionId,15211,Variable
PtpMoveSkillType_ProgramDiagnostic_LastMethodInputArguments,15212,Variable
PtpMoveSkillType_ProgramDiagnostic_LastMethodOutputArguments,15213,Variable
PtpMoveSkillType_ProgramDiagnostic_LastMethodInputValues,15214,Variable
PtpMoveSkillType_ProgramDiagnostic_LastMethodOutputValues,15215,Variable
PtpMoveSkillType_ProgramDiagnostic_LastMethodCallTime,15216,Variable
PtpMoveSkillType_ProgramDiagnostic_LastMethodReturnStatus,15217,Variable
PtpMoveSkillType_FinalResultData,15218,Object
PtpMoveSkillType_Halted,15219,Object
PtpMoveSkillType_Halted_StateNumber,15220,Variable
PtpMoveSkillType_Ready,15221,Object
PtpMoveSkillType_Ready_StateNumber,15222,Variable
PtpMoveSkillType_Running,15223,Object
PtpMoveSkillType_Running_StateNumber,15224,Variable
PtpMoveSkillType_Suspended,15225,Object
PtpMoveSkillType_Suspended_StateNumber,15226,Variable
PtpMoveSkillType_HaltedToReady,15227,Object
PtpMoveSkillType_HaltedToReady_TransitionNumber,15228,Variable
PtpMoveSkillType_ReadyToRunning,15229,Object
PtpMoveSkillType_ReadyToRunning_TransitionNumber,15230,Variable
PtpMoveSkillType_RunningToHalted,15231,Object
PtpMoveSkillType_RunningToHalted_TransitionNumber,15232,Variable
PtpMoveSkillType_RunningToReady,15233,Object
PtpMoveSkillType_RunningToReady_TransitionNumber,15234,Variable
PtpMoveSkillType_RunningToSuspended,15235,Object
PtpMoveSkillType_RunningToSuspended_TransitionNumber,15236,Variable
PtpMoveSkillType_SuspendedToRunning,15237,Object
PtpMoveSkillType_SuspendedToRunning_TransitionNumber,15238,Variable
PtpMoveSkillType_SuspendedToHalted,15239,Object
PtpMoveSkillType_SuspendedToHalted_TransitionNumber,15240,Variable
PtpMoveSkillType_SuspendedToReady,15241,Object
PtpMoveSkillType_SuspendedToReady_TransitionNumber,15242,Variable
PtpMoveSkillType_ReadyToHalted,15243,Object
PtpMoveSkillType_ReadyToHalted_TransitionNumber,15244,Variable
PtpMoveSkillType_Start,15245,Method
PtpMoveSkillType_Suspend,15246,Method
PtpMoveSkillType_Resume,15247,Method
PtpMoveSkillType_Halt,15248,Method
PtpMoveSkillType_Reset,15249,Method
PtpMoveSkillType_Name,15250,Variable
PtpMoveSkillType_ParameterSet,15251,Object
PtpMoveSkillType_ParameterSet_ToolFrame,15252,Variable
PtpMoveSkillType_ParameterSet_MaxAcceleration,15253,Variable
PtpMoveSkillType_ParameterSet_MaxAcceleration_Definition,15254,Variable
PtpMoveSkillType_ParameterSet_MaxAcceleration_ValuePrecision,15255,Variable
PtpMoveSkillType_ParameterSet_MaxAcceleration_InstrumentRange,15256,Variable
PtpMoveSkillType_ParameterSet_MaxAcceleration_EURange,15257,Variable
PtpMoveSkillType_ParameterSet_MaxAcceleration_EngineeringUnits,15258,Variable
PtpMoveSkillType_ParameterSet_MaxVelocity,15259,Variable
PtpMoveSkillType_ParameterSet_MaxVelocity_Definition,15260,Variable
PtpMoveSkillType_ParameterSet_MaxVelocity_ValuePrecision,15261,Variable
PtpMoveSkillType_ParameterSet_MaxVelocity_InstrumentRange,15262,Variable
PtpMoveSkillType_ParameterSet_MaxVelocity_EURange,15263,Variable
PtpMoveSkillType_ParameterSet_MaxVelocity_EngineeringUnits,15264,Variable
ICartesianMoveSkillParameterType,15265,ObjectType
ICartesianMoveSkillParameterType_ParameterSet,15266,Object
ICartesianMoveSkillParameterType_ParameterSet_TargetPosition,15267,Variable
ICartesianMoveSkillParameterType_ParameterSet_TargetPosition_CartesianCoordinates,15268,Variable
ICartesianMoveSkillParameterType_ParameterSet_TargetPosition_CartesianCoordinates_LengthUnit,15269,Variable
ICartesianMoveSkillParameterType_ParameterSet_TargetPosition_Orientation,15270,Variable
ICartesianMoveSkillParameterType_ParameterSet_TargetPosition_Orientation_AngleUnit,15271,Variable
ICartesianMoveSkillParameterType_ParameterSet_TargetPosition_Constant,15272,Variable
ICartesianMoveSkillParameterType_ParameterSet_TargetPosition_BaseFrame,15273,Variable
ICartesianMoveSkillParameterType_ParameterSet_TargetPosition_FixedBase,15274,Variable
ICartesianMoveSkillParameterType_ParameterSet_TargetPosition_CartesianCoordinates_X,15275,Variable
ICartesianMoveSkillParameterType_ParameterSet_TargetPosition_CartesianCoordinates_Y,15276,Variable
ICartesianMoveSkillParameterType_ParameterSet_TargetPosition_CartesianCoordinates_Z,15277,Variable
ICartesianMoveSkillParameterType_ParameterSet_TargetPosition_Orientation_A,15278,Variable
ICartesianMoveSkillParameterType_ParameterSet_TargetPosition_Orientation_B,15279,Variable
ICartesianMoveSkillParameterType_ParameterSet_TargetPosition_Orientation_C,15280,Variable
ICartesianMoveSkillParameterType_ParameterSet_AxisBounds,15281,Variable
IJointMoveSkillParameterType,15287,ObjectType
IJointMoveSkillParameterType_ParameterSet,15288,Object
IJointMoveSkillParameterType_ParameterSet_TargetJointPosition,15289,Variable
IJointMoveSkillParameterType_ParameterSet_TargetJointPosition_Definition,15290,Variable
IJointMoveSkillParameterType_ParameterSet_TargetJointPosition_ValuePrecision,15291,Variable
IJointMoveSkillParameterType_ParameterSet_TargetJointPosition_InstrumentRange,15292,Variable
IJointMoveSkillParameterType_ParameterSet_TargetJointPosition_EURange,15293,Variable
IJointMoveSkillParameterType_ParameterSet_TargetJointPosition_EngineeringUnits,15294,Variable
CartesianLinearMoveSkillType,15295,ObjectType
CartesianLinearMoveSkillType_CurrentState,15296,Variable
CartesianLinearMoveSkillType_CurrentState_Id,15297,Variable
CartesianLinearMoveSkillType_CurrentState_Name,15298,Variable
CartesianLinearMoveSkillType_CurrentState_Number,15299,Variable
CartesianLinearMoveSkillType_CurrentState_EffectiveDisplayName,15300,Variable
CartesianLinearMoveSkillType_LastTransition,15301,Variable
CartesianLinearMoveSkillType_LastTransition_Id,15302,Variable
CartesianLinearMoveSkillType_LastTransition_Name,15303,Variable
CartesianLinearMoveSkillType_LastTransition_Number,15304,Variable
CartesianLinearMoveSkillType_LastTransition_TransitionTime,15305,Variable
CartesianLinearMoveSkillType_LastTransition_EffectiveTransitionTime,15306,Variable
CartesianLinearMoveSkillType_AvailableStates,15307,Variable
CartesianLinearMoveSkillType_AvailableTransitions,15308,Variable
CartesianLinearMoveSkillType_Creatable,15309,Variable
CartesianLinearMoveSkillType_Deletable,15310,Variable
CartesianLinearMoveSkillType_AutoDelete,15311,Variable
CartesianLinearMoveSkillType_RecycleCount,15312,Variable
CartesianLinearMoveSkillType_InstanceCount,15313,Variable
CartesianLinearMoveSkillType_MaxInstanceCount,15314,Variable
CartesianLinearMoveSkillType_MaxRecycleCount,15315,Variable
CartesianLinearMoveSkillType_ProgramDiagnostic,15316,Variable
CartesianLinearMoveSkillType_ProgramDiagnostic_CreateSessionId,15317,Variable
CartesianLinearMoveSkillType_ProgramDiagnostic_CreateClientName,15318,Variable
CartesianLinearMoveSkillType_ProgramDiagnostic_InvocationCreationTime,15319,Variable
CartesianLinearMoveSkillType_ProgramDiagnostic_LastTransitionTime,15320,Variable
CartesianLinearMoveSkillType_ProgramDiagnostic_LastMethodCall,15321,Variable
CartesianLinearMoveSkillType_ProgramDiagnostic_LastMethodSessionId,15322,Variable
CartesianLinearMoveSkillType_ProgramDiagnostic_LastMethodInputArguments,15323,Variable
CartesianLinearMoveSkillType_ProgramDiagnostic_LastMethodOutputArguments,15324,Variable
CartesianLinearMoveSkillType_ProgramDiagnostic_LastMethodInputValues,15325,Variable
CartesianLinearMoveSkillType_ProgramDiagnostic_LastMethodOutputValues,15326,Variable
CartesianLinearMoveSkillType_ProgramDiagnostic_LastMethodCallTime,15327,Variable
CartesianLinearMoveSkillType_ProgramDiagnostic_LastMethodReturnStatus,15328,Variable
CartesianLinearMoveSkillType_FinalResultData,15329,Object
CartesianLinearMoveSkillType_Halted,15330,Object
CartesianLinearMoveSkillType_Halted_StateNumber,15331,Variable
CartesianLinearMoveSkillType_Ready,15332,Object
CartesianLinearMoveSkillType_Ready_StateNumber,15333,Variable
CartesianLinearMoveSkillType_Running,15334,Object
CartesianLinearMoveSkillType_Running_StateNumber,15335,Variable
CartesianLinearMoveSkillType_Suspended,15336,Object
CartesianLinearMoveSkillType_Suspended_StateNumber,15337,Variable
CartesianLinearMoveSkillType_HaltedToReady,15338,Object
CartesianLinearMoveSkillType_HaltedToReady_TransitionNumber,15339,Variable
CartesianLinearMoveSkillType_ReadyToRunning,15340,Object
CartesianLinearMoveSkillType_ReadyToRunning_TransitionNumber,15341,Variable
CartesianLinearMoveSkillType_RunningToHalted,15342,Object
CartesianLinearMoveSkillType_RunningToHalted_TransitionNumber,15343,Variable
CartesianLinearMoveSkillType_RunningToReady,15344,Object
CartesianLinearMoveSkillType_RunningToReady_TransitionNumber,15345,Variable
CartesianLinearMoveSkillType_RunningToSuspended,15346,Object
CartesianLinearMoveSkillType_RunningToSuspended_TransitionNumber,15347,Variable
CartesianLinearMoveSkillType_SuspendedToRunning,15348,Object
CartesianLinearMoveSkillType_SuspendedToRunning_TransitionNumber,15349,Variable
CartesianLinearMoveSkillType_SuspendedToHalted,15350,Object
CartesianLinearMoveSkillType_SuspendedToHalted_TransitionNumber,15351,Variable
CartesianLinearMoveSkillType_SuspendedToReady,15352,Object
CartesianLinearMoveSkillType_SuspendedToReady_TransitionNumber,15353,Variable
CartesianLinearMoveSkillType_ReadyToHalted,15354,Object
CartesianLinearMoveSkillType_ReadyToHalted_TransitionNumber,15355,Variable
CartesianLinearMoveSkillType_Start,15356,Method
CartesianLinearMoveSkillType_Suspend,15357,Method
CartesianLinearMoveSkillType_Resume,15358,Method
CartesianLinearMoveSkillType_Halt,15359,Method
CartesianLinearMoveSkillType_Reset,15360,Method
CartesianLinearMoveSkillType_Name,15361,Variable
CartesianLinearMoveSkillType_ParameterSet,15362,Object
CartesianLinearMoveSkillType_ParameterSet_ToolFrame,15363,Variable
CartesianLinearMoveSkillType_ParameterSet_MaxAcceleration,15364,Variable
CartesianLinearMoveSkillType_ParameterSet_MaxAcceleration_Definition,15365,Variable
CartesianLinearMoveSkillType_ParameterSet_MaxAcceleration_ValuePrecision,15366,Variable
CartesianLinearMoveSkillType_ParameterSet_MaxAcceleration_InstrumentRange,15367,Variable
CartesianLinearMoveSkillType_ParameterSet_MaxAcceleration_EURange,15368,Variable
CartesianLinearMoveSkillType_ParameterSet_MaxAcceleration_EngineeringUnits,15369,Variable
CartesianLinearMoveSkillType_ParameterSet_MaxVelocity,15370,Variable
CartesianLinearMoveSkillType_ParameterSet_MaxVelocity_Definition,15371,Variable
CartesianLinearMoveSkillType_ParameterSet_MaxVelocity_ValuePrecision,15372,Variable
CartesianLinearMoveSkillType_ParameterSet_MaxVelocity_InstrumentRange,15373,Variable
CartesianLinearMoveSkillType_ParameterSet_MaxVelocity_EURange,15374,Variable
CartesianLinearMoveSkillType_ParameterSet_MaxVelocity_EngineeringUnits,15375,Variable
JointLinearMoveSkillType,15376,ObjectType
JointLinearMoveSkillType_CurrentState,15377,Variable
JointLinearMoveSkillType_CurrentState_Id,15378,Variable
JointLinearMoveSkillType_CurrentState_Name,15379,Variable
JointLinearMoveSkillType_CurrentState_Number,15380,Variable
JointLinearMoveSkillType_CurrentState_EffectiveDisplayName,15381,Variable
JointLinearMoveSkillType_LastTransition,15382,Variable
JointLinearMoveSkillType_LastTransition_Id,15383,Variable
JointLinearMoveSkillType_LastTransition_Name,15384,Variable
JointLinearMoveSkillType_LastTransition_Number,15385,Variable
JointLinearMoveSkillType_LastTransition_TransitionTime,15386,Variable
JointLinearMoveSkillType_LastTransition_EffectiveTransitionTime,15387,Variable
JointLinearMoveSkillType_AvailableStates,15388,Variable
JointLinearMoveSkillType_AvailableTransitions,15389,Variable
JointLinearMoveSkillType_Creatable,15390,Variable
JointLinearMoveSkillType_Deletable,15391,Variable
JointLinearMoveSkillType_AutoDelete,15392,Variable
JointLinearMoveSkillType_RecycleCount,15393,Variable
JointLinearMoveSkillType_InstanceCount,15394,Variable
JointLinearMoveSkillType_MaxInstanceCount,15395,Variable
JointLinearMoveSkillType_MaxRecycleCount,15396,Variable
JointLinearMoveSkillType_ProgramDiagnostic,15397,Variable
JointLinearMoveSkillType_ProgramDiagnostic_CreateSessionId,15398,Variable
JointLinearMoveSkillType_ProgramDiagnostic_CreateClientName,15399,Variable
JointLinearMoveSkillType_ProgramDiagnostic_InvocationCreationTime,15400,Variable
JointLinearMoveSkillType_ProgramDiagnostic_LastTransitionTime,15401,Variable
JointLinearMoveSkillType_ProgramDiagnostic_LastMethodCall,15402,Variable
JointLinearMoveSkillType_ProgramDiagnostic_LastMethodSessionId,15403,Variable
JointLinearMoveSkillType_ProgramDiagnostic_LastMethodInputArguments,15404,Variable
JointLinearMoveSkillType_ProgramDiagnostic_LastMethodOutputArguments,15405,Variable
JointLinearMoveSkillType_ProgramDiagnostic_LastMethodInputValues,15406,Variable
JointLinearMoveSkillType_ProgramDiagnostic_LastMethodOutputValues,15407,Variable
JointLinearMoveSkillType_ProgramDiagnostic_LastMethodCallTime,15408,Variable
JointLinearMoveSkillType_ProgramDiagnostic_LastMethodReturnStatus,15409,Variable
JointLinearMoveSkillType_FinalResultData,15410,Object
JointLinearMoveSkillType_Halted,15411,Object
JointLinearMoveSkillType_Halted_StateNumber,15412,Variable
JointLinearMoveSkillType_Ready,15413,Object
JointLinearMoveSkillType_Ready_StateNumber,15414,Variable
JointLinearMoveSkillType_Running,15415,Object
JointLinearMoveSkillType_Running_StateNumber,15416,Variable
JointLinearMoveSkillType_Suspended,15417,Object
JointLinearMoveSkillType_Suspended_StateNumber,15418,Variable
JointLinearMoveSkillType_HaltedToReady,15419,Object
JointLinearMoveSkillType_HaltedToReady_TransitionNumber,15420,Variable
JointLinearMoveSkillType_ReadyToRunning,15421,Object
JointLinearMoveSkillType_ReadyToRunning_TransitionNumber,15422,Variable
JointLinearMoveSkillType_RunningToHalted,15423,Object
JointLinearMoveSkillType_RunningToHalted_TransitionNumber,15424,Variable
JointLinearMoveSkillType_RunningToReady,15425,Object
JointLinearMoveSkillType_RunningToReady_TransitionNumber,15426,Variable
JointLinearMoveSkillType_RunningToSuspended,15427,Object
JointLinearMoveSkillType_RunningToSuspended_TransitionNumber,15428,Variable
JointLinearMoveSkillType_SuspendedToRunning,15429,Object
JointLinearMoveSkillType_SuspendedToRunning_TransitionNumber,15430,Variable
JointLinearMoveSkillType_SuspendedToHalted,15431,Object
JointLinearMoveSkillType_SuspendedToHalted_TransitionNumber,15432,Variable
JointLinearMoveSkillType_SuspendedToReady,15433,Object
JointLinearMoveSkillType_SuspendedToReady_TransitionNumber,15434,Variable
JointLinearMoveSkillType_ReadyToHalted,15435,Object
JointLinearMoveSkillType_ReadyToHalted_TransitionNumber,15436,Variable
JointLinearMoveSkillType_Start,15437,Method
JointLinearMoveSkillType_Suspend,15438,Method
JointLinearMoveSkillType_Resume,15439,Method
JointLinearMoveSkillType_Halt,15440,Method
JointLinearMoveSkillType_Reset,15441,Method
JointLinearMoveSkillType_Name,15442,Variable
JointLinearMoveSkillType_ParameterSet,15443,Object
JointLinearMoveSkillType_ParameterSet_ToolFrame,15444,Variable
JointLinearMoveSkillType_ParameterSet_MaxAcceleration,15445,Variable
JointLinearMoveSkillType_ParameterSet_MaxAcceleration_Definition,15446,Variable
JointLinearMoveSkillType_ParameterSet_MaxAcceleration_ValuePrecision,15447,Variable
JointLinearMoveSkillType_ParameterSet_MaxAcceleration_InstrumentRange,15448,Variable
JointLinearMoveSkillType_ParameterSet_MaxAcceleration_EURange,15449,Variable
JointLinearMoveSkillType_ParameterSet_MaxAcceleration_EngineeringUnits,15450,Variable
JointLinearMoveSkillType_ParameterSet_MaxVelocity,15451,Variable
JointLinearMoveSkillType_ParameterSet_MaxVelocity_Definition,15452,Variable
JointLinearMoveSkillType_ParameterSet_MaxVelocity_ValuePrecision,15453,Variable
JointLinearMoveSkillType_ParameterSet_MaxVelocity_InstrumentRange,15454,Variable
JointLinearMoveSkillType_ParameterSet_MaxVelocity_EURange,15455,Variable
JointLinearMoveSkillType_ParameterSet_MaxVelocity_EngineeringUnits,15456,Variable
CartesianPtpMoveSkillType,15457,ObjectType
CartesianPtpMoveSkillType_CurrentState,15458,Variable
CartesianPtpMoveSkillType_CurrentState_Id,15459,Variable
CartesianPtpMoveSkillType_CurrentState_Name,15460,Variable
CartesianPtpMoveSkillType_CurrentState_Number,15461,Variable
CartesianPtpMoveSkillType_CurrentState_EffectiveDisplayName,15462,Variable
CartesianPtpMoveSkillType_LastTransition,15463,Variable
CartesianPtpMoveSkillType_LastTransition_Id,15464,Variable
CartesianPtpMoveSkillType_LastTransition_Name,15465,Variable
CartesianPtpMoveSkillType_LastTransition_Number,15466,Variable
CartesianPtpMoveSkillType_LastTransition_TransitionTime,15467,Variable
CartesianPtpMoveSkillType_LastTransition_EffectiveTransitionTime,15468,Variable
CartesianPtpMoveSkillType_AvailableStates,15469,Variable
CartesianPtpMoveSkillType_AvailableTransitions,15470,Variable
CartesianPtpMoveSkillType_Creatable,15471,Variable
CartesianPtpMoveSkillType_Deletable,15472,Variable
CartesianPtpMoveSkillType_AutoDelete,15473,Variable
CartesianPtpMoveSkillType_RecycleCount,15474,Variable
CartesianPtpMoveSkillType_InstanceCount,15475,Variable
CartesianPtpMoveSkillType_MaxInstanceCount,15476,Variable
CartesianPtpMoveSkillType_MaxRecycleCount,15477,Variable
CartesianPtpMoveSkillType_ProgramDiagnostic,15478,Variable
CartesianPtpMoveSkillType_ProgramDiagnostic_CreateSessionId,15479,Variable
CartesianPtpMoveSkillType_ProgramDiagnostic_CreateClientName,15480,Variable
CartesianPtpMoveSkillType_ProgramDiagnostic_InvocationCreationTime,15481,Variable
CartesianPtpMoveSkillType_ProgramDiagnostic_LastTransitionTime,15482,Variable
CartesianPtpMoveSkillType_ProgramDiagnostic_LastMethodCall,15483,Variable
CartesianPtpMoveSkillType_ProgramDiagnostic_LastMethodSessionId,15484,Variable
CartesianPtpMoveSkillType_ProgramDiagnostic_LastMethodInputArguments,15485,Variable
CartesianPtpMoveSkillType_ProgramDiagnostic_LastMethodOutputArguments,15486,Variable
CartesianPtpMoveSkillType_ProgramDiagnostic_LastMethodInputValues,15487,Variable
CartesianPtpMoveSkillType_ProgramDiagnostic_LastMethodOutputValues,15488,Variable
CartesianPtpMoveSkillType_ProgramDiagnostic_LastMethodCallTime,15489,Variable
CartesianPtpMoveSkillType_ProgramDiagnostic_LastMethodReturnStatus,15490,Variable
CartesianPtpMoveSkillType_FinalResultData,15491,Object
CartesianPtpMoveSkillType_Halted,15492,Object
CartesianPtpMoveSkillType_Halted_StateNumber,15493,Variable
CartesianPtpMoveSkillType_Ready,15494,Object
CartesianPtpMoveSkillType_Ready_StateNumber,15495,Variable
CartesianPtpMoveSkillType_Running,15496,Object
CartesianPtpMoveSkillType_Running_StateNumber,15497,Variable
CartesianPtpMoveSkillType_Suspended,15498,Object
CartesianPtpMoveSkillType_Suspended_StateNumber,15499,Variable
CartesianPtpMoveSkillType_HaltedToReady,15500,Object
CartesianPtpMoveSkillType_HaltedToReady_TransitionNumber,15501,Variable
CartesianPtpMoveSkillType_ReadyToRunning,15502,Object
CartesianPtpMoveSkillType_ReadyToRunning_TransitionNumber,15503,Variable
CartesianPtpMoveSkillType_RunningToHalted,15504,Object
CartesianPtpMoveSkillType_RunningToHalted_TransitionNumber,15505,Variable
CartesianPtpMoveSkillType_RunningToReady,15506,Object
CartesianPtpMoveSkillType_RunningToReady_TransitionNumber,15507,Variable
CartesianPtpMoveSkillType_RunningToSuspended,15508,Object
CartesianPtpMoveSkillType_RunningToSuspended_TransitionNumber,15509,Variable
CartesianPtpMoveSkillType_SuspendedToRunning,15510,Object
CartesianPtpMoveSkillType_SuspendedToRunning_TransitionNumber,15511,Variable
CartesianPtpMoveSkillType_SuspendedToHalted,15512,Object
CartesianPtpMoveSkillType_SuspendedToHalted_TransitionNumber,15513,Variable
CartesianPtpMoveSkillType_SuspendedToReady,15514,Object
CartesianPtpMoveSkillType_SuspendedToReady_TransitionNumber,15515,Variable
CartesianPtpMoveSkillType_ReadyToHalted,15516,Object
CartesianPtpMoveSkillType_ReadyToHalted_TransitionNumber,15517,Variable
CartesianPtpMoveSkillType_Start,15518,Method
CartesianPtpMoveSkillType_Suspend,15519,Method
CartesianPtpMoveSkillType_Resume,15520,Method
CartesianPtpMoveSkillType_Halt,15521,Method
CartesianPtpMoveSkillType_Reset,15522,Method
CartesianPtpMoveSkillType_Name,15523,Variable
CartesianPtpMoveSkillType_ParameterSet,15524,Object
CartesianPtpMoveSkillType_ParameterSet_ToolFrame,15525,Variable
CartesianPtpMoveSkillType_ParameterSet_MaxAcceleration,15526,Variable
CartesianPtpMoveSkillType_ParameterSet_MaxAcceleration_Definition,15527,Variable
CartesianPtpMoveSkillType_ParameterSet_MaxAcceleration_ValuePrecision,15528,Variable
CartesianPtpMoveSkillType_ParameterSet_MaxAcceleration_InstrumentRange,15529,Variable
CartesianPtpMoveSkillType_ParameterSet_MaxAcceleration_EURange,15530,Variable
CartesianPtpMoveSkillType_ParameterSet_MaxAcceleration_EngineeringUnits,15531,Variable
CartesianPtpMoveSkillType_ParameterSet_MaxVelocity,15532,Variable
CartesianPtpMoveSkillType_ParameterSet_MaxVelocity_Definition,15533,Variable
CartesianPtpMoveSkillType_ParameterSet_MaxVelocity_ValuePrecision,15534,Variable
CartesianPtpMoveSkillType_ParameterSet_MaxVelocity_InstrumentRange,15535,Variable
CartesianPtpMoveSkillType_ParameterSet_MaxVelocity_EURange,15536,Variable
CartesianPtpMoveSkillType_ParameterSet_MaxVelocity_EngineeringUnits,15537,Variable
JointPtpMoveSkillType,15538,ObjectType
JointPtpMoveSkillType_CurrentState,15539,Variable
JointPtpMoveSkillType_CurrentState_Id,15540,Variable
JointPtpMoveSkillType_CurrentState_Name,15541,Variable
JointPtpMoveSkillType_CurrentState_Number,15542,Variable
JointPtpMoveSkillType_CurrentState_EffectiveDisplayName,15543,Variable
JointPtpMoveSkillType_LastTransition,15544,Variable
JointPtpMoveSkillType_LastTransition_Id,15545,Variable
JointPtpMoveSkillType_LastTransition_Name,15546,Variable
JointPtpMoveSkillType_LastTransition_Number,15547,Variable
JointPtpMoveSkillType_LastTransition_TransitionTime,15548,Variable
JointPtpMoveSkillType_LastTransition_EffectiveTransitionTime,15549,Variable
JointPtpMoveSkillType_AvailableStates,15550,Variable
JointPtpMoveSkillType_AvailableTransitions,15551,Variable
JointPtpMoveSkillType_Creatable,15552,Variable
JointPtpMoveSkillType_Deletable,15553,Variable
JointPtpMoveSkillType_AutoDelete,15554,Variable
JointPtpMoveSkillType_RecycleCount,15555,Variable
JointPtpMoveSkillType_InstanceCount,15556,Variable
JointPtpMoveSkillType_MaxInstanceCount,15557,Variable
JointPtpMoveSkillType_MaxRecycleCount,15558,Variable
JointPtpMoveSkillType_ProgramDiagnostic,15559,Variable
JointPtpMoveSkillType_ProgramDiagnostic_CreateSessionId,15560,Variable
JointPtpMoveSkillType_ProgramDiagnostic_CreateClientName,15561,Variable
JointPtpMoveSkillType_ProgramDiagnostic_InvocationCreationTime,15562,Variable
JointPtpMoveSkillType_ProgramDiagnostic_LastTransitionTime,15563,Variable
JointPtpMoveSkillType_ProgramDiagnostic_LastMethodCall,15564,Variable
JointPtpMoveSkillType_ProgramDiagnostic_LastMethodSessionId,15565,Variable
JointPtpMoveSkillType_ProgramDiagnostic_LastMethodInputArguments,15566,Variable
JointPtpMoveSkillType_ProgramDiagnostic_LastMethodOutputArguments,15567,Variable
JointPtpMoveSkillType_ProgramDiagnostic_LastMethodInputValues,15568,Variable
JointPtpMoveSkillType_ProgramDiagnostic_LastMethodOutputValues,15569,Variable
JointPtpMoveSkillType_ProgramDiagnostic_LastMethodCallTime,15570,Variable
JointPtpMoveSkillType_ProgramDiagnostic_LastMethodReturnStatus,15571,Variable
JointPtpMoveSkillType_FinalResultData,15572,Object
JointPtpMoveSkillType_Halted,15573,Object
JointPtpMoveSkillType_Halted_StateNumber,15574,Variable
JointPtpMoveSkillType_Ready,15575,Object
JointPtpMoveSkillType_Ready_StateNumber,15576,Variable
JointPtpMoveSkillType_Running,15577,Object
JointPtpMoveSkillType_Running_StateNumber,15578,Variable
JointPtpMoveSkillType_Suspended,15579,Object
JointPtpMoveSkillType_Suspended_StateNumber,15580,Variable
JointPtpMoveSkillType_HaltedToReady,15581,Object
JointPtpMoveSkillType_HaltedToReady_TransitionNumber,15582,Variable
JointPtpMoveSkillType_ReadyToRunning,15583,Object
JointPtpMoveSkillType_ReadyToRunning_TransitionNumber,15584,Variable
JointPtpMoveSkillType_RunningToHalted,15585,Object
JointPtpMoveSkillType_RunningToHalted_TransitionNumber,15586,Variable
JointPtpMoveSkillType_RunningToReady,15587,Object
JointPtpMoveSkillType_RunningToReady_TransitionNumber,15588,Variable
JointPtpMoveSkillType_RunningToSuspended,15589,Object
JointPtpMoveSkillType_RunningToSuspended_TransitionNumber,15590,Variable
JointPtpMoveSkillType_SuspendedToRunning,15591,Object
JointPtpMoveSkillType_SuspendedToRunning_TransitionNumber,15592,Variable
JointPtpMoveSkillType_SuspendedToHalted,15593,Object
JointPtpMoveSkillType_SuspendedToHalted_TransitionNumber,15594,Variable
JointPtpMoveSkillType_SuspendedToReady,15595,Object
JointPtpMoveSkillType_SuspendedToReady_TransitionNumber,15596,Variable
JointPtpMoveSkillType_ReadyToHalted,15597,Object
JointPtpMoveSkillType_ReadyToHalted_TransitionNumber,15598,Variable
JointPtpMoveSkillType_Start,15599,Method
JointPtpMoveSkillType_Suspend,15600,Method
JointPtpMoveSkillType_Resume,15601,Method
JointPtpMoveSkillType_Halt,15602,Method
JointPtpMoveSkillType_Reset,15603,Method
JointPtpMoveSkillType_Name,15604,Variable
JointPtpMoveSkillType_ParameterSet,15605,Object
JointPtpMoveSkillType_ParameterSet_ToolFrame,15606,Variable
JointPtpMoveSkillType_ParameterSet_MaxAcceleration,15607,Variable
JointPtpMoveSkillType_ParameterSet_MaxAcceleration_Definition,15608,Variable
JointPtpMoveSkillType_ParameterSet_MaxAcceleration_ValuePrecision,15609,Variable
JointPtpMoveSkillType_ParameterSet_MaxAcceleration_InstrumentRange,15610,Variable
JointPtpMoveSkillType_ParameterSet_MaxAcceleration_EURange,15611,Variable
JointPtpMoveSkillType_ParameterSet_MaxAcceleration_EngineeringUnits,15612,Variable
JointPtpMoveSkillType_ParameterSet_MaxVelocity,15613,Variable
JointPtpMoveSkillType_ParameterSet_MaxVelocity_Definition,15614,Variable
JointPtpMoveSkillType_ParameterSet_MaxVelocity_ValuePrecision,15615,Variable
JointPtpMoveSkillType_ParameterSet_MaxVelocity_InstrumentRange,15616,Variable
JointPtpMoveSkillType_ParameterSet_MaxVelocity_EURange,15617,Variable
JointPtpMoveSkillType_ParameterSet_MaxVelocity_EngineeringUnits,15618,Variable
StreamSkillType,15619,ObjectType
StreamSkillType_CurrentState,15620,Variable
StreamSkillType_CurrentState_Id,15621,Variable
StreamSkillType_CurrentState_Name,15622,Variable
StreamSkillType_CurrentState_Number,15623,Variable
StreamSkillType_CurrentState_EffectiveDisplayName,15624,Variable
StreamSkillType_LastTransition,15625,Variable
StreamSkillType_LastTransition_Id,15626,Variable
StreamSkillType_LastTransition_Name,15627,Variable
StreamSkillType_LastTransition_Number,15628,Variable
StreamSkillType_LastTransition_TransitionTime,15629,Variable
StreamSkillType_LastTransition_EffectiveTransitionTime,15630,Variable
StreamSkillType_AvailableStates,15631,Variable
StreamSkillType_AvailableTransitions,15632,Variable
StreamSkillType_Creatable,15633,Variable
StreamSkillType_Deletable,15634,Variable
StreamSkillType_AutoDelete,15635,Variable
StreamSkillType_RecycleCount,15636,Variable
StreamSkillType_InstanceCount,15637,Variable
StreamSkillType_MaxInstanceCount,15638,Variable
StreamSkillType_MaxRecycleCount,15639,Variable
StreamSkillType_ProgramDiagnostic,15640,Variable
StreamSkillType_ProgramDiagnostic_CreateSessionId,15641,Variable
StreamSkillType_ProgramDiagnostic_CreateClientName,15642,Variable
StreamSkillType_ProgramDiagnostic_InvocationCreationTime,15643,Variable
StreamSkillType_ProgramDiagnostic_LastTransitionTime,15644,Variable
StreamSkillType_ProgramDiagnostic_LastMethodCall,15645,Variable
StreamSkillType_ProgramDiagnostic_LastMethodSessionId,15646,Variable
StreamSkillType_ProgramDiagnostic_LastMethodInputArguments,15647,Variable
StreamSkillType_ProgramDiagnostic_LastMethodOutputArguments,15648,Variable
StreamSkillType_ProgramDiagnostic_LastMethodInputValues,15649,Variable
StreamSkillType_ProgramDiagnostic_LastMethodOutputValues,15650,Variable
StreamSkillType_ProgramDiagnostic_LastMethodCallTime,15651,Variable
StreamSkillType_ProgramDiagnostic_LastMethodReturnStatus,15652,Variable
StreamSkillType_FinalResultData,15653,Object
StreamSkillType_Halted,15654,Object
StreamSkillType_Halted_StateNumber,15655,Variable
StreamSkillType_Ready,15656,Object
StreamSkillType_Ready_StateNumber,15657,Variable
StreamSkillType_Running,15658,Object
StreamSkillType_Running_StateNumber,15659,Variable
StreamSkillType_Suspended,15660,Object
StreamSkillType_Suspended_StateNumber,15661,Variable
StreamSkillType_HaltedToReady,15662,Object
StreamSkillType_HaltedToReady_TransitionNumber,15663,Variable
StreamSkillType_ReadyToRunning,15664,Object
StreamSkillType_ReadyToRunning_TransitionNumber,15665,Variable
StreamSkillType_RunningToHalted,15666,Object
StreamSkillType_RunningToHalted_TransitionNumber,15667,Variable
StreamSkillType_RunningToReady,15668,Object
StreamSkillType_RunningToReady_TransitionNumber,15669,Variable
StreamSkillType_RunningToSuspended,15670,Object
StreamSkillType_RunningToSuspended_TransitionNumber,15671,Variable
StreamSkillType_SuspendedToRunning,15672,Object
StreamSkillType_SuspendedToRunning_TransitionNumber,15673,Variable
StreamSkillType_SuspendedToHalted,15674,Object
StreamSkillType_SuspendedToHalted_TransitionNumber,15675,Variable
StreamSkillType_SuspendedToReady,15676,Object
StreamSkillType_SuspendedToReady_TransitionNumber,15677,Variable
StreamSkillType_ReadyToHalted,15678,Object
StreamSkillType_ReadyToHalted_TransitionNumber,15679,Variable
StreamSkillType_Start,15680,Method
StreamSkillType_Suspend,15681,Method
StreamSkillType_Resume,15682,Method
StreamSkillType_Halt,15683,Method
StreamSkillType_Reset,15684,Method
StreamSkillType_Name,15685,Variable
PositionStreamSkillType,15686,ObjectType
PositionStreamSkillType_CurrentState,15687,Variable
PositionStreamSkillType_CurrentState_Id,15688,Variable
PositionStreamSkillType_CurrentState_Name,15689,Variable
PositionStreamSkillType_CurrentState_Number,15690,Variable
PositionStreamSkillType_CurrentState_EffectiveDisplayName,15691,Variable
PositionStreamSkillType_LastTransition,15692,Variable
PositionStreamSkillType_LastTransition_Id,15693,Variable
PositionStreamSkillType_LastTransition_Name,15694,Variable
PositionStreamSkillType_LastTransition_Number,15695,Variable
PositionStreamSkillType_LastTransition_TransitionTime,15696,Variable
PositionStreamSkillType_LastTransition_EffectiveTransitionTime,15697,Variable
PositionStreamSkillType_AvailableStates,15698,Variable
PositionStreamSkillType_AvailableTransitions,15699,Variable
PositionStreamSkillType_Creatable,15700,Variable
PositionStreamSkillType_Deletable,15701,Variable
PositionStreamSkillType_AutoDelete,15702,Variable
PositionStreamSkillType_RecycleCount,15703,Variable
PositionStreamSkillType_InstanceCount,15704,Variable
PositionStreamSkillType_MaxInstanceCount,15705,Variable
PositionStreamSkillType_MaxRecycleCount,15706,Variable
PositionStreamSkillType_ProgramDiagnostic,15707,Variable
PositionStreamSkillType_ProgramDiagnostic_CreateSessionId,15708,Variable
PositionStreamSkillType_ProgramDiagnostic_CreateClientName,15709,Variable
PositionStreamSkillType_ProgramDiagnostic_InvocationCreationTime,15710,Variable
PositionStreamSkillType_ProgramDiagnostic_LastTransitionTime,15711,Variable
PositionStreamSkillType_ProgramDiagnostic_LastMethodCall,15712,Variable
PositionStreamSkillType_ProgramDiagnostic_LastMethodSessionId,15713,Variable
PositionStreamSkillType_ProgramDiagnostic_LastMethodInputArguments,15714,Variable
PositionStreamSkillType_ProgramDiagnostic_LastMethodOutputArguments,15715,Variable
PositionStreamSkillType_ProgramDiagnostic_LastMethodInputValues,15716,Variable
PositionStreamSkillType_ProgramDiagnostic_LastMethodOutputValues,15717,Variable
PositionStreamSkillType_ProgramDiagnostic_LastMethodCallTime,15718,Variable
PositionStreamSkillType_ProgramDiagnostic_LastMethodReturnStatus,15719,Variable
PositionStreamSkillType_FinalResultData,15720,Object
PositionStreamSkillType_Halted,15721,Object
PositionStreamSkillType_Halted_StateNumber,15722,Variable
PositionStreamSkillType_Ready,15723,Object
PositionStreamSkillType_Ready_StateNumber,15724,Variable
PositionStreamSkillType_Running,15725,Object
PositionStreamSkillType_Running_StateNumber,15726,Variable
PositionStreamSkillType_Suspended,15727,Object
PositionStreamSkillType_Suspended_StateNumber,15728,Variable
PositionStreamSkillType_HaltedToReady,15729,Object
PositionStreamSkillType_HaltedToReady_TransitionNumber,15730,Variable
PositionStreamSkillType_ReadyToRunning,15731,Object
PositionStreamSkillType_ReadyToRunning_TransitionNumber,15732,Variable
PositionStreamSkillType_RunningToHalted,15733,Object
PositionStreamSkillType_RunningToHalted_TransitionNumber,15734,Variable
PositionStreamSkillType_RunningToReady,15735,Object
PositionStreamSkillType_RunningToReady_TransitionNumber,15736,Variable
PositionStreamSkillType_RunningToSuspended,15737,Object
PositionStreamSkillType_RunningToSuspended_TransitionNumber,15738,Variable
PositionStreamSkillType_SuspendedToRunning,15739,Object
PositionStreamSkillType_SuspendedToRunning_TransitionNumber,15740,Variable
PositionStreamSkillType_SuspendedToHalted,15741,Object
PositionStreamSkillType_SuspendedToHalted_TransitionNumber,15742,Variable
PositionStreamSkillType_SuspendedToReady,15743,Object
PositionStreamSkillType_SuspendedToReady_TransitionNumber,15744,Variable
PositionStreamSkillType_ReadyToHalted,15745,Object
PositionStreamSkillType_ReadyToHalted_TransitionNumber,15746,Variable
PositionStreamSkillType_Start,15747,Method
PositionStreamSkillType_Suspend,15748,Method
PositionStreamSkillType_Resume,15749,Method
PositionStreamSkillType_Halt,15750,Method
PositionStreamSkillType_Reset,15751,Method
PositionStreamSkillType_Name,15752,Variable
PositionStreamSkillType_ParameterSet,15753,Object
PositionStreamSkillType_ParameterSet_TargetPosition,15754,Variable
PositionStreamSkillType_ParameterSet_TargetPosition_CartesianCoordinates,15755,Variable
PositionStreamSkillType_ParameterSet_TargetPosition_CartesianCoordinates_LengthUnit,15756,Variable
PositionStreamSkillType_ParameterSet_TargetPosition_Orientation,15757,Variable
PositionStreamSkillType_ParameterSet_TargetPosition_Orientation_AngleUnit,15758,Variable
PositionStreamSkillType_ParameterSet_TargetPosition_Constant,15759,Variable
PositionStreamSkillType_ParameterSet_TargetPosition_BaseFrame,15760,Variable
PositionStreamSkillType_ParameterSet_TargetPosition_FixedBase,15761,Variable
PositionStreamSkillType_ParameterSet_TargetPosition_CartesianCoordinates_X,15762,Variable
PositionStreamSkillType_ParameterSet_TargetPosition_CartesianCoordinates_Y,15763,Variable
PositionStreamSkillType_ParameterSet_TargetPosition_CartesianCoordinates_Z,15764,Variable
PositionStreamSkillType_ParameterSet_TargetPosition_Orientation_A,15765,Variable
PositionStreamSkillType_ParameterSet_TargetPosition_Orientation_B,15766,Variable
PositionStreamSkillType_ParameterSet_TargetPosition_Orientation_C,15767,Variable
FortissMotionDeviceType,15768,ObjectType
FortissMotionDeviceType_ParameterSet,15769,Object
FortissMotionDeviceType_ParameterSet_ParameterIdentifier,15770,Variable
FortissMotionDeviceType_MethodSet,15771,Object
FortissMotionDeviceType_MethodSet_MethodIdentifier,15772,Method
FortissMotionDeviceType_GroupIdentifier,15773,Object
FortissMotionDeviceType_GroupIdentifier_UIElement,15774,Variable
FortissMotionDeviceType_Identification,15775,Object
FortissMotionDeviceType_Identification_UIElement,15776,Variable
FortissMotionDeviceType_Lock,15777,Object
FortissMotionDeviceType_Lock_Locked,15778,Variable
FortissMotionDeviceType_Lock_LockingClient,15779,Variable
FortissMotionDeviceType_Lock_LockingUser,15780,Variable
FortissMotionDeviceType_Lock_RemainingLockTime,15781,Variable
FortissMotionDeviceType_Lock_InitLock,15782,Method
FortissMotionDeviceType_Lock_InitLock_InputArguments,15783,Variable
FortissMotionDeviceType_Lock_InitLock_OutputArguments,15784,Variable
FortissMotionDeviceType_Lock_RenewLock,15785,Method
FortissMotionDeviceType_Lock_RenewLock_OutputArguments,15786,Variable
FortissMotionDeviceType_Lock_ExitLock,15787,Method
FortissMotionDeviceType_Lock_ExitLock_OutputArguments,15788,Variable
FortissMotionDeviceType_Lock_BreakLock,15789,Method
FortissMotionDeviceType_Lock_BreakLock_OutputArguments,15790,Variable
FortissMotionDeviceType_Manufacturer,15791,Variable
FortissMotionDeviceType_ManufacturerUri,15792,Variable
FortissMotionDeviceType_Model,15793,Variable
FortissMotionDeviceType_HardwareRevision,15794,Variable
FortissMotionDeviceType_SoftwareRevision,15795,Variable
FortissMotionDeviceType_DeviceRevision,15796,Variable
FortissMotionDeviceType_ProductCode,15797,Variable
FortissMotionDeviceType_DeviceManual,15798,Variable
FortissMotionDeviceType_DeviceClass,15799,Variable
FortissMotionDeviceType_SerialNumber,15800,Variable
FortissMotionDeviceType_ProductInstanceUri,15801,Variable
FortissMotionDeviceType_RevisionCounter,15802,Variable
FortissMotionDeviceType_AssetId,15803,Variable
FortissMotionDeviceType_ComponentName,15804,Variable
FortissMotionDeviceType_MotionDeviceCategory,15805,Variable
FortissMotionDeviceType_ParameterSet_OnPath,15806,Variable
FortissMotionDeviceType_ParameterSet_InControl,15807,Variable
FortissMotionDeviceType_ParameterSet_SpeedOverride,15808,Variable
FortissMotionDeviceType_Axes,15809,Object
FortissMotionDeviceType_Axes_AxisIdentifier,15810,Object
FortissMotionDeviceType_Axes_AxisIdentifier_ParameterSet,15811,Object
FortissMotionDeviceType_Axes_AxisIdentifier_ParameterSet_ParameterIdentifier,15812,Variable
FortissMotionDeviceType_Axes_AxisIdentifier_MethodSet,15813,Object
FortissMotionDeviceType_Axes_AxisIdentifier_MethodSet_MethodIdentifier,15814,Method
FortissMotionDeviceType_Axes_AxisIdentifier_Identification,15815,Object
FortissMotionDeviceType_Axes_AxisIdentifier_Identification_UIElement,15816,Variable
FortissMotionDeviceType_Axes_AxisIdentifier_Lock,15817,Object
FortissMotionDeviceType_Axes_AxisIdentifier_Lock_Locked,15818,Variable
FortissMotionDeviceType_Axes_AxisIdentifier_Lock_LockingClient,15819,Variable
FortissMotionDeviceType_Axes_AxisIdentifier_Lock_LockingUser,15820,Variable
FortissMotionDeviceType_Axes_AxisIdentifier_Lock_RemainingLockTime,15821,Variable
FortissMotionDeviceType_Axes_AxisIdentifier_Lock_InitLock,15822,Method
FortissMotionDeviceType_Axes_AxisIdentifier_Lock_InitLock_InputArguments,15823,Variable
FortissMotionDeviceType_Axes_AxisIdentifier_Lock_InitLock_OutputArguments,15824,Variable
FortissMotionDeviceType_Axes_AxisIdentifier_Lock_RenewLock,15825,Method
FortissMotionDeviceType_Axes_AxisIdentifier_Lock_RenewLock_OutputArguments,15826,Variable
FortissMotionDeviceType_Axes_AxisIdentifier_Lock_ExitLock,15827,Method
FortissMotionDeviceType_Axes_AxisIdentifier_Lock_ExitLock_OutputArguments,15828,Variable
FortissMotionDeviceType_Axes_AxisIdentifier_Lock_BreakLock,15829,Method
FortissMotionDeviceType_Axes_AxisIdentifier_Lock_BreakLock_OutputArguments,15830,Variable
FortissMotionDeviceType_Axes_AxisIdentifier_Manufacturer,15831,Variable
FortissMotionDeviceType_Axes_AxisIdentifier_ManufacturerUri,15832,Variable
FortissMotionDeviceType_Axes_AxisIdentifier_Model,15833,Variable
FortissMotionDeviceType_Axes_AxisIdentifier_HardwareRevision,15834,Variable
FortissMotionDeviceType_Axes_AxisIdentifier_SoftwareRevision,15835,Variable
FortissMotionDeviceType_Axes_AxisIdentifier_DeviceRevision,15836,Variable
FortissMotionDeviceType_Axes_AxisIdentifier_ProductCode,15837,Variable
FortissMotionDeviceType_Axes_AxisIdentifier_DeviceManual,15838,Variable
FortissMotionDeviceType_Axes_AxisIdentifier_DeviceClass,15839,Variable
FortissMotionDeviceType_Axes_AxisIdentifier_SerialNumber,15840,Variable
FortissMotionDeviceType_Axes_AxisIdentifier_ProductInstanceUri,15841,Variable
FortissMotionDeviceType_Axes_AxisIdentifier_RevisionCounter,15842,Variable
FortissMotionDeviceType_Axes_AxisIdentifier_AssetId,15843,Variable
FortissMotionDeviceType_Axes_AxisIdentifier_ComponentName,15844,Variable
FortissMotionDeviceType_Axes_AxisIdentifier_MotionProfile,15845,Variable
FortissMotionDeviceType_Axes_AxisIdentifier_AdditionalLoad,15846,Object
FortissMotionDeviceType_Axes_AxisIdentifier_AdditionalLoad_Mass,15847,Variable
FortissMotionDeviceType_Axes_AxisIdentifier_AdditionalLoad_Mass_Definition,15848,Variable
FortissMotionDeviceType_Axes_AxisIdentifier_AdditionalLoad_Mass_ValuePrecision,15849,Variable
FortissMotionDeviceType_Axes_AxisIdentifier_AdditionalLoad_Mass_InstrumentRange,15850,Variable
FortissMotionDeviceType_Axes_AxisIdentifier_AdditionalLoad_Mass_EURange,15851,Variable
FortissMotionDeviceType_Axes_AxisIdentifier_AdditionalLoad_Mass_EngineeringUnits,15852,Variable
FortissMotionDeviceType_Axes_AxisIdentifier_AdditionalLoad_CenterOfMass,15853,Variable
FortissMotionDeviceType_Axes_AxisIdentifier_AdditionalLoad_CenterOfMass_CartesianCoordinates,15854,Variable
FortissMotionDeviceType_Axes_AxisIdentifier_AdditionalLoad_CenterOfMass_CartesianCoordinates_LengthUnit,15855,Variable
FortissMotionDeviceType_Axes_AxisIdentifier_AdditionalLoad_CenterOfMass_Orientation,15856,Variable
FortissMotionDeviceType_Axes_AxisIdentifier_AdditionalLoad_CenterOfMass_Orientation_AngleUnit,15857,Variable
FortissMotionDeviceType_Axes_AxisIdentifier_AdditionalLoad_CenterOfMass_Constant,15858,Variable
FortissMotionDeviceType_Axes_AxisIdentifier_AdditionalLoad_CenterOfMass_BaseFrame,15859,Variable
FortissMotionDeviceType_Axes_AxisIdentifier_AdditionalLoad_CenterOfMass_FixedBase,15860,Variable
FortissMotionDeviceType_Axes_AxisIdentifier_AdditionalLoad_CenterOfMass_CartesianCoordinates_X,15861,Variable
FortissMotionDeviceType_Axes_AxisIdentifier_AdditionalLoad_CenterOfMass_CartesianCoordinates_Y,15862,Variable
FortissMotionDeviceType_Axes_AxisIdentifier_AdditionalLoad_CenterOfMass_CartesianCoordinates_Z,15863,Variable
FortissMotionDeviceType_Axes_AxisIdentifier_AdditionalLoad_CenterOfMass_Orientation_A,15864,Variable
FortissMotionDeviceType_Axes_AxisIdentifier_AdditionalLoad_CenterOfMass_Orientation_B,15865,Variable
FortissMotionDeviceType_Axes_AxisIdentifier_AdditionalLoad_CenterOfMass_Orientation_C,15866,Variable
FortissMotionDeviceType_Axes_AxisIdentifier_AdditionalLoad_Inertia,15867,Variable
FortissMotionDeviceType_Axes_AxisIdentifier_AdditionalLoad_Inertia_VectorUnit,15868,Variable
FortissMotionDeviceType_Axes_AxisIdentifier_AdditionalLoad_Inertia_X,15869,Variable
FortissMotionDeviceType_Axes_AxisIdentifier_AdditionalLoad_Inertia_Y,15870,Variable
FortissMotionDeviceType_Axes_AxisIdentifier_AdditionalLoad_Inertia_Z,15871,Variable
FortissMotionDeviceType_Axes_AxisIdentifier_ParameterSet_ActualPosition,15872,Variable
FortissMotionDeviceType_Axes_AxisIdentifier_ParameterSet_ActualPosition_Definition,15873,Variable
FortissMotionDeviceType_Axes_AxisIdentifier_ParameterSet_ActualPosition_ValuePrecision,15874,Variable
FortissMotionDeviceType_Axes_AxisIdentifier_ParameterSet_ActualPosition_InstrumentRange,15875,Variable
FortissMotionDeviceType_Axes_AxisIdentifier_ParameterSet_ActualPosition_EURange,15876,Variable
FortissMotionDeviceType_Axes_AxisIdentifier_ParameterSet_ActualPosition_EngineeringUnits,15877,Variable
FortissMotionDeviceType_Axes_AxisIdentifier_ParameterSet_ActualSpeed,15878,Variable
FortissMotionDeviceType_Axes_AxisIdentifier_ParameterSet_ActualSpeed_Definition,15879,Variable
FortissMotionDeviceType_Axes_AxisIdentifier_ParameterSet_ActualSpeed_ValuePrecision,15880,Variable
FortissMotionDeviceType_Axes_AxisIdentifier_ParameterSet_ActualSpeed_InstrumentRange,15881,Variable
FortissMotionDeviceType_Axes_AxisIdentifier_ParameterSet_ActualSpeed_EURange,15882,Variable
FortissMotionDeviceType_Axes_AxisIdentifier_ParameterSet_ActualSpeed_EngineeringUnits,15883,Variable
FortissMotionDeviceType_Axes_AxisIdentifier_ParameterSet_ActualAcceleration,15884,Variable
FortissMotionDeviceType_Axes_AxisIdentifier_ParameterSet_ActualAcceleration_Definition,15885,Variable
FortissMotionDeviceType_Axes_AxisIdentifier_ParameterSet_ActualAcceleration_ValuePrecision,15886,Variable
FortissMotionDeviceType_Axes_AxisIdentifier_ParameterSet_ActualAcceleration_InstrumentRange,15887,Variable
FortissMotionDeviceType_Axes_AxisIdentifier_ParameterSet_ActualAcceleration_EURange,15888,Variable
FortissMotionDeviceType_Axes_AxisIdentifier_ParameterSet_ActualAcceleration_EngineeringUnits,15889,Variable
FortissMotionDeviceType_PowerTrains,15890,Object
FortissMotionDeviceType_PowerTrains_PowerTrainIdentifier,15891,Object
FortissMotionDeviceType_PowerTrains_PowerTrainIdentifier_ParameterSet,15892,Object
FortissMotionDeviceType_PowerTrains_PowerTrainIdentifier_ParameterSet_ParameterIdentifier,15893,Variable
FortissMotionDeviceType_PowerTrains_PowerTrainIdentifier_MethodSet,15894,Object
FortissMotionDeviceType_PowerTrains_PowerTrainIdentifier_MethodSet_MethodIdentifier,15895,Method
FortissMotionDeviceType_PowerTrains_PowerTrainIdentifier_Identification,15896,Object
FortissMotionDeviceType_PowerTrains_PowerTrainIdentifier_Identification_UIElement,15897,Variable
FortissMotionDeviceType_PowerTrains_PowerTrainIdentifier_Lock,15898,Object
FortissMotionDeviceType_PowerTrains_PowerTrainIdentifier_Lock_Locked,15899,Variable
FortissMotionDeviceType_PowerTrains_PowerTrainIdentifier_Lock_LockingClient,15900,Variable
FortissMotionDeviceType_PowerTrains_PowerTrainIdentifier_Lock_LockingUser,15901,Variable
FortissMotionDeviceType_PowerTrains_PowerTrainIdentifier_Lock_RemainingLockTime,15902,Variable
FortissMotionDeviceType_PowerTrains_PowerTrainIdentifier_Lock_InitLock,15903,Method
FortissMotionDeviceType_PowerTrains_PowerTrainIdentifier_Lock_InitLock_InputArguments,15904,Variable
FortissMotionDeviceType_PowerTrains_PowerTrainIdentifier_Lock_InitLock_OutputArguments,15905,Variable
FortissMotionDeviceType_PowerTrains_PowerTrainIdentifier_Lock_RenewLock,15906,Method
FortissMotionDeviceType_PowerTrains_PowerTrainIdentifier_Lock_RenewLock_OutputArguments,15907,Variable
FortissMotionDeviceType_PowerTrains_PowerTrainIdentifier_Lock_ExitLock,15908,Method
FortissMotionDeviceType_PowerTrains_PowerTrainIdentifier_Lock_ExitLock_OutputArguments,15909,Variable
FortissMotionDeviceType_PowerTrains_PowerTrainIdentifier_Lock_BreakLock,15910,Method
FortissMotionDeviceType_PowerTrains_PowerTrainIdentifier_Lock_BreakLock_OutputArguments,15911,Variable
FortissMotionDeviceType_PowerTrains_PowerTrainIdentifier_Manufacturer,15912,Variable
FortissMotionDeviceType_PowerTrains_PowerTrainIdentifier_ManufacturerUri,15913,Variable
FortissMotionDeviceType_PowerTrains_PowerTrainIdentifier_Model,15914,Variable
FortissMotionDeviceType_PowerTrains_PowerTrainIdentifier_HardwareRevision,15915,Variable
FortissMotionDeviceType_PowerTrains_PowerTrainIdentifier_SoftwareRevision,15916,Variable
FortissMotionDeviceType_PowerTrains_PowerTrainIdentifier_DeviceRevision,15917,Variable
FortissMotionDeviceType_PowerTrains_PowerTrainIdentifier_ProductCode,15918,Variable
FortissMotionDeviceType_PowerTrains_PowerTrainIdentifier_DeviceManual,15919,Variable
FortissMotionDeviceType_PowerTrains_PowerTrainIdentifier_DeviceClass,15920,Variable
FortissMotionDeviceType_PowerTrains_PowerTrainIdentifier_SerialNumber,15921,Variable
FortissMotionDeviceType_PowerTrains_PowerTrainIdentifier_ProductInstanceUri,15922,Variable
FortissMotionDeviceType_PowerTrains_PowerTrainIdentifier_RevisionCounter,15923,Variable
FortissMotionDeviceType_PowerTrains_PowerTrainIdentifier_AssetId,15924,Variable
FortissMotionDeviceType_PowerTrains_PowerTrainIdentifier_ComponentName,15925,Variable
FortissMotionDeviceType_FlangeLoad,15926,Object
FortissMotionDeviceType_FlangeLoad_Mass,15927,Variable
FortissMotionDeviceType_FlangeLoad_Mass_Definition,15928,Variable
FortissMotionDeviceType_FlangeLoad_Mass_ValuePrecision,15929,Variable
FortissMotionDeviceType_FlangeLoad_Mass_InstrumentRange,15930,Variable
FortissMotionDeviceType_FlangeLoad_Mass_EURange,15931,Variable
FortissMotionDeviceType_FlangeLoad_Mass_EngineeringUnits,15932,Variable
FortissMotionDeviceType_FlangeLoad_CenterOfMass,15933,Variable
FortissMotionDeviceType_FlangeLoad_CenterOfMass_CartesianCoordinates,15934,Variable
FortissMotionDeviceType_FlangeLoad_CenterOfMass_CartesianCoordinates_LengthUnit,15935,Variable
FortissMotionDeviceType_FlangeLoad_CenterOfMass_Orientation,15936,Variable
FortissMotionDeviceType_FlangeLoad_CenterOfMass_Orientation_AngleUnit,15937,Variable
FortissMotionDeviceType_FlangeLoad_CenterOfMass_Constant,15938,Variable
FortissMotionDeviceType_FlangeLoad_CenterOfMass_BaseFrame,15939,Variable
FortissMotionDeviceType_FlangeLoad_CenterOfMass_FixedBase,15940,Variable
FortissMotionDeviceType_FlangeLoad_CenterOfMass_CartesianCoordinates_X,15941,Variable
FortissMotionDeviceType_FlangeLoad_CenterOfMass_CartesianCoordinates_Y,15942,Variable
FortissMotionDeviceType_FlangeLoad_CenterOfMass_CartesianCoordinates_Z,15943,Variable
FortissMotionDeviceType_FlangeLoad_CenterOfMass_Orientation_A,15944,Variable
FortissMotionDeviceType_FlangeLoad_CenterOfMass_Orientation_B,15945,Variable
FortissMotionDeviceType_FlangeLoad_CenterOfMass_Orientation_C,15946,Variable
FortissMotionDeviceType_FlangeLoad_Inertia,15947,Variable
FortissMotionDeviceType_FlangeLoad_Inertia_VectorUnit,15948,Variable
FortissMotionDeviceType_FlangeLoad_Inertia_X,15949,Variable
FortissMotionDeviceType_FlangeLoad_Inertia_Y,15950,Variable
FortissMotionDeviceType_FlangeLoad_Inertia_Z,15951,Variable
FortissMotionDeviceType_AdditionalComponents,15952,Object
FortissMotionDeviceType_AdditionalComponents_AdditionalComponentIdentifier,15953,Object
FortissMotionDeviceType_AdditionalComponents_AdditionalComponentIdentifier_ParameterSet,15954,Object
FortissMotionDeviceType_AdditionalComponents_AdditionalComponentIdentifier_ParameterSet_ParameterIdentifier,15955,Variable
FortissMotionDeviceType_AdditionalComponents_AdditionalComponentIdentifier_MethodSet,15956,Object
FortissMotionDeviceType_AdditionalComponents_AdditionalComponentIdentifier_MethodSet_MethodIdentifier,15957,Method
FortissMotionDeviceType_AdditionalComponents_AdditionalComponentIdentifier_Identification,15958,Object
FortissMotionDeviceType_AdditionalComponents_AdditionalComponentIdentifier_Identification_UIElement,15959,Variable
FortissMotionDeviceType_AdditionalComponents_AdditionalComponentIdentifier_Lock,15960,Object
FortissMotionDeviceType_AdditionalComponents_AdditionalComponentIdentifier_Lock_Locked,15961,Variable
FortissMotionDeviceType_AdditionalComponents_AdditionalComponentIdentifier_Lock_LockingClient,15962,Variable
FortissMotionDeviceType_AdditionalComponents_AdditionalComponentIdentifier_Lock_LockingUser,15963,Variable
FortissMotionDeviceType_AdditionalComponents_AdditionalComponentIdentifier_Lock_RemainingLockTime,15964,Variable
FortissMotionDeviceType_AdditionalComponents_AdditionalComponentIdentifier_Lock_InitLock,15965,Method
FortissMotionDeviceType_AdditionalComponents_AdditionalComponentIdentifier_Lock_InitLock_InputArguments,15966,Variable
FortissMotionDeviceType_AdditionalComponents_AdditionalComponentIdentifier_Lock_InitLock_OutputArguments,15967,Variable
FortissMotionDeviceType_AdditionalComponents_AdditionalComponentIdentifier_Lock_RenewLock,15968,Method
FortissMotionDeviceType_AdditionalComponents_AdditionalComponentIdentifier_Lock_RenewLock_OutputArguments,15969,Variable
FortissMotionDeviceType_AdditionalComponents_AdditionalComponentIdentifier_Lock_ExitLock,15970,Method
FortissMotionDeviceType_AdditionalComponents_AdditionalComponentIdentifier_Lock_ExitLock_OutputArguments,15971,Variable
FortissMotionDeviceType_AdditionalComponents_AdditionalComponentIdentifier_Lock_BreakLock,15972,Method
FortissMotionDeviceType_AdditionalComponents_AdditionalComponentIdentifier_Lock_BreakLock_OutputArguments,15973,Variable
FortissMotionDeviceType_AdditionalComponents_AdditionalComponentIdentifier_Manufacturer,15974,Variable
FortissMotionDeviceType_AdditionalComponents_AdditionalComponentIdentifier_ManufacturerUri,15975,Variable
FortissMotionDeviceType_AdditionalComponents_AdditionalComponentIdentifier_Model,15976,Variable
FortissMotionDeviceType_AdditionalComponents_AdditionalComponentIdentifier_HardwareRevision,15977,Variable
FortissMotionDeviceType_AdditionalComponents_AdditionalComponentIdentifier_SoftwareRevision,15978,Variable
FortissMotionDeviceType_AdditionalComponents_AdditionalComponentIdentifier_DeviceRevision,15979,Variable
FortissMotionDeviceType_AdditionalComponents_AdditionalComponentIdentifier_ProductCode,15980,Variable
FortissMotionDeviceType_AdditionalComponents_AdditionalComponentIdentifier_DeviceManual,15981,Variable
FortissMotionDeviceType_AdditionalComponents_AdditionalComponentIdentifier_DeviceClass,15982,Variable
FortissMotionDeviceType_AdditionalComponents_AdditionalComponentIdentifier_SerialNumber,15983,Variable
FortissMotionDeviceType_AdditionalComponents_AdditionalComponentIdentifier_ProductInstanceUri,15984,Variable
FortissMotionDeviceType_AdditionalComponents_AdditionalComponentIdentifier_RevisionCounter,15985,Variable
FortissMotionDeviceType_AdditionalComponents_AdditionalComponentIdentifier_AssetId,15986,Variable
FortissMotionDeviceType_AdditionalComponents_AdditionalComponentIdentifier_ComponentName,15987,Variable
FortissMotionDeviceType_FlangeToolSet,15988,Method
FortissMotionDeviceType_FlangeToolSet_InputArguments,15989,Variable
FortissMotionDeviceType_FlangeToolClear,15990,Method
FortissMotionDeviceType_FlangeToolClear_InputArguments,15991,Variable
FortissMotionDeviceType_FlangeTool,15992,Object
FortissMotionDeviceType_FlangeTool_Name,15993,Variable
FortissMotionDeviceType_FlangeTool_ThreeDFrame,15994,Variable
FortissMotionDeviceType_FlangeTool_ThreeDFrame_CartesianCoordinates,15995,Variable
FortissMotionDeviceType_FlangeTool_ThreeDFrame_CartesianCoordinates_LengthUnit,15996,Variable
FortissMotionDeviceType_FlangeTool_ThreeDFrame_Orientation,15997,Variable
FortissMotionDeviceType_FlangeTool_ThreeDFrame_Orientation_AngleUnit,15998,Variable
FortissMotionDeviceType_FlangeTool_ThreeDFrame_Constant,15999,Variable
FortissMotionDeviceType_FlangeTool_ThreeDFrame_BaseFrame,16000,Variable
FortissMotionDeviceType_FlangeTool_ThreeDFrame_FixedBase,16001,Variable
FortissMotionDeviceType_FlangeTool_ThreeDFrame_CartesianCoordinates_X,16002,Variable
FortissMotionDeviceType_FlangeTool_ThreeDFrame_CartesianCoordinates_Y,16003,Variable
FortissMotionDeviceType_FlangeTool_ThreeDFrame_CartesianCoordinates_Z,16004,Variable
FortissMotionDeviceType_FlangeTool_ThreeDFrame_Orientation_A,16005,Variable
FortissMotionDeviceType_FlangeTool_ThreeDFrame_Orientation_B,16006,Variable
FortissMotionDeviceType_FlangeTool_ThreeDFrame_Orientation_C,16007,Variable
FortissMotionDeviceType_ParameterSet_DeviceOnPath,16008,Variable
FortissMotionDeviceType_ParameterSet_ProgrammedDeviceSpeed,16009,Variable
FortissMotionDeviceType_ParameterSet_UnderControl,16010,Variable
FlangeToolSetMethodType,16011,Method
FlangeToolSetMethodType_InputArguments,16012,Variable
FlangeToolClearMethodType,16013,Method
