SkillType,15034,ObjectType
SkillType_CurrentState,15035,Variable
SkillType_CurrentState_Id,15036,Variable
SkillType_CurrentState_Name,15037,Variable
SkillType_CurrentState_Number,15038,Variable
SkillType_CurrentState_EffectiveDisplayName,15039,Variable
SkillType_LastTransition,15040,Variable
SkillType_LastTransition_Id,15041,Variable
SkillType_LastTransition_Name,15042,Variable
SkillType_LastTransition_Number,15043,Variable
SkillType_LastTransition_TransitionTime,15044,Variable
SkillType_LastTransition_EffectiveTransitionTime,15045,Variable
SkillType_AvailableStates,15046,Variable
SkillType_AvailableTransitions,15047,Variable
SkillType_Creatable,15048,Variable
SkillType_Deletable,15049,Variable
SkillType_AutoDelete,15050,Variable
SkillType_RecycleCount,15051,Variable
SkillType_InstanceCount,15052,Variable
SkillType_MaxInstanceCount,15053,Variable
SkillType_MaxRecycleCount,15054,Variable
SkillType_ProgramDiagnostic,15055,Variable
SkillType_ProgramDiagnostic_CreateSessionId,15056,Variable
SkillType_ProgramDiagnostic_CreateClientName,15057,Variable
SkillType_ProgramDiagnostic_InvocationCreationTime,15058,Variable
SkillType_ProgramDiagnostic_LastTransitionTime,15059,Variable
SkillType_ProgramDiagnostic_LastMethodCall,15060,Variable
SkillType_ProgramDiagnostic_LastMethodSessionId,15061,Variable
SkillType_ProgramDiagnostic_LastMethodInputArguments,15062,Variable
SkillType_ProgramDiagnostic_LastMethodOutputArguments,15063,Variable
SkillType_ProgramDiagnostic_LastMethodInputValues,15064,Variable
SkillType_ProgramDiagnostic_LastMethodOutputValues,15065,Variable
SkillType_ProgramDiagnostic_LastMethodCallTime,15066,Variable
SkillType_ProgramDiagnostic_LastMethodReturnStatus,15067,Variable
SkillType_FinalResultData,15068,Object
SkillType_Halted,15069,Object
SkillType_Halted_StateNumber,15070,Variable
SkillType_Ready,15071,Object
SkillType_Ready_StateNumber,15072,Variable
SkillType_Running,15073,Object
SkillType_Running_StateNumber,15074,Variable
SkillType_Suspended,15075,Object
SkillType_Suspended_StateNumber,15076,Variable
SkillType_HaltedToReady,15077,Object
SkillType_HaltedToReady_TransitionNumber,15078,Variable
SkillType_ReadyToRunning,15079,Object
SkillType_ReadyToRunning_TransitionNumber,15080,Variable
SkillType_RunningToHalted,15081,Object
SkillType_RunningToHalted_TransitionNumber,15082,Variable
SkillType_RunningToReady,15083,Object
SkillType_RunningToReady_TransitionNumber,15084,Variable
SkillType_RunningToSuspended,15085,Object
SkillType_RunningToSuspended_TransitionNumber,15086,Variable
SkillType_SuspendedToRunning,15087,Object
SkillType_SuspendedToRunning_TransitionNumber,15088,Variable
SkillType_SuspendedToHalted,15089,Object
SkillType_SuspendedToHalted_TransitionNumber,15090,Variable
SkillType_SuspendedToReady,15091,Object
SkillType_SuspendedToReady_TransitionNumber,15092,Variable
SkillType_ReadyToHalted,15093,Object
SkillType_ReadyToHalted_TransitionNumber,15094,Variable
SkillType_Start,15095,Method
SkillType_Suspend,15096,Method
SkillType_Resume,15097,Method
SkillType_Halt,15098,Method
SkillType_Reset,15099,Method
SkillType_Name,15100,Variable
GripperSkillType,15101,ObjectType
GripperSkillType_CurrentState,15102,Variable
GripperSkillType_CurrentState_Id,15103,Variable
GripperSkillType_CurrentState_Name,15104,Variable
GripperSkillType_CurrentState_Number,15105,Variable
GripperSkillType_CurrentState_EffectiveDisplayName,15106,Variable
GripperSkillType_LastTransition,15107,Variable
GripperSkillType_LastTransition_Id,15108,Variable
GripperSkillType_LastTransition_Name,15109,Variable
GripperSkillType_LastTransition_Number,15110,Variable
GripperSkillType_LastTransition_TransitionTime,15111,Variable
GripperSkillType_LastTransition_EffectiveTransitionTime,15112,Variable
GripperSkillType_AvailableStates,15113,Variable
GripperSkillType_AvailableTransitions,15114,Variable
GripperSkillType_Creatable,15115,Variable
GripperSkillType_Deletable,15116,Variable
GripperSkillType_AutoDelete,15117,Variable
GripperSkillType_RecycleCount,15118,Variable
GripperSkillType_InstanceCount,15119,Variable
GripperSkillType_MaxInstanceCount,15120,Variable
GripperSkillType_MaxRecycleCount,15121,Variable
GripperSkillType_ProgramDiagnostic,15122,Variable
GripperSkillType_ProgramDiagnostic_CreateSessionId,15123,Variable
GripperSkillType_ProgramDiagnostic_CreateClientName,15124,Variable
GripperSkillType_ProgramDiagnostic_InvocationCreationTime,15125,Variable
GripperSkillType_ProgramDiagnostic_LastTransitionTime,15126,Variable
GripperSkillType_ProgramDiagnostic_LastMethodCall,15127,Variable
GripperSkillType_ProgramDiagnostic_LastMethodSessionId,15128,Variable
GripperSkillType_ProgramDiagnostic_LastMethodInputArguments,15129,Variable
GripperSkillType_ProgramDiagnostic_LastMethodOutputArguments,15130,Variable
GripperSkillType_ProgramDiagnostic_LastMethodInputValues,15131,Variable
GripperSkillType_ProgramDiagnostic_LastMethodOutputValues,15132,Variable
GripperSkillType_ProgramDiagnostic_LastMethodCallTime,15133,Variable
GripperSkillType_ProgramDiagnostic_LastMethodReturnStatus,15134,Variable
GripperSkillType_FinalResultData,15135,Object
GripperSkillType_Halted,15136,Object
GripperSkillType_Halted_StateNumber,15137,Variable
GripperSkillType_Ready,15138,Object
GripperSkillType_Ready_StateNumber,15139,Variable
GripperSkillType_Running,15140,Object
GripperSkillType_Running_StateNumber,15141,Variable
GripperSkillType_Suspended,15142,Object
GripperSkillType_Suspended_StateNumber,15143,Variable
GripperSkillType_HaltedToReady,15144,Object
GripperSkillType_HaltedToReady_TransitionNumber,15145,Variable
GripperSkillType_ReadyToRunning,15146,Object
GripperSkillType_ReadyToRunning_TransitionNumber,15147,Variable
GripperSkillType_RunningToHalted,15148,Object
GripperSkillType_RunningToHalted_TransitionNumber,15149,Variable
GripperSkillType_RunningToReady,15150,Object
GripperSkillType_RunningToReady_TransitionNumber,15151,Variable
GripperSkillType_RunningToSuspended,15152,Object
GripperSkillType_RunningToSuspended_TransitionNumber,15153,Variable
GripperSkillType_SuspendedToRunning,15154,Object
GripperSkillType_SuspendedToRunning_TransitionNumber,15155,Variable
GripperSkillType_SuspendedToHalted,15156,Object
GripperSkillType_SuspendedToHalted_TransitionNumber,15157,Variable
GripperSkillType_SuspendedToReady,15158,Object
GripperSkillType_SuspendedToReady_TransitionNumber,15159,Variable
GripperSkillType_ReadyToHalted,15160,Object
GripperSkillType_ReadyToHalted_TransitionNumber,15161,Variable
GripperSkillType_Start,15162,Method
GripperSkillType_Suspend,15163,Method
GripperSkillType_Resume,15164,Method
GripperSkillType_Halt,15165,Method
GripperSkillType_Reset,15166,Method
GripperSkillType_Name,15167,Variable
GraspGripperSkillType,15168,ObjectType
GraspGripperSkillType_CurrentState,15169,Variable
GraspGripperSkillType_CurrentState_Id,15170,Variable
GraspGripperSkillType_CurrentState_Name,15171,Variable
GraspGripperSkillType_CurrentState_Number,15172,Variable
GraspGripperSkillType_CurrentState_EffectiveDisplayName,15173,Variable
GraspGripperSkillType_LastTransition,15174,Variable
GraspGripperSkillType_LastTransition_Id,15175,Variable
GraspGripperSkillType_LastTransition_Name,15176,Variable
GraspGripperSkillType_LastTransition_Number,15177,Variable
GraspGripperSkillType_LastTransition_TransitionTime,15178,Variable
GraspGripperSkillType_LastTransition_EffectiveTransitionTime,15179,Variable
GraspGripperSkillType_AvailableStates,15180,Variable
GraspGripperSkillType_AvailableTransitions,15181,Variable
GraspGripperSkillType_Creatable,15182,Variable
GraspGripperSkillType_Deletable,15183,Variable
GraspGripperSkillType_AutoDelete,15184,Variable
GraspGripperSkillType_RecycleCount,15185,Variable
GraspGripperSkillType_InstanceCount,15186,Variable
GraspGripperSkillType_MaxInstanceCount,15187,Variable
GraspGripperSkillType_MaxRecycleCount,15188,Variable
GraspGripperSkillType_ProgramDiagnostic,15189,Variable
GraspGripperSkillType_ProgramDiagnostic_CreateSessionId,15190,Variable
GraspGripperSkillType_ProgramDiagnostic_CreateClientName,15191,Variable
GraspGripperSkillType_ProgramDiagnostic_InvocationCreationTime,15192,Variable
GraspGripperSkillType_ProgramDiagnostic_LastTransitionTime,15193,Variable
GraspGripperSkillType_ProgramDiagnostic_LastMethodCall,15194,Variable
GraspGripperSkillType_ProgramDiagnostic_LastMethodSessionId,15195,Variable
GraspGripperSkillType_ProgramDiagnostic_LastMethodInputArguments,15196,Variable
GraspGripperSkillType_ProgramDiagnostic_LastMethodOutputArguments,15197,Variable
GraspGripperSkillType_ProgramDiagnostic_LastMethodInputValues,15198,Variable
GraspGripperSkillType_ProgramDiagnostic_LastMethodOutputValues,15199,Variable
GraspGripperSkillType_ProgramDiagnostic_LastMethodCallTime,15200,Variable
GraspGripperSkillType_ProgramDiagnostic_LastMethodReturnStatus,15201,Variable
GraspGripperSkillType_FinalResultData,15202,Object
GraspGripperSkillType_Halted,15203,Object
GraspGripperSkillType_Halted_StateNumber,15204,Variable
GraspGripperSkillType_Ready,15205,Object
GraspGripperSkillType_Ready_StateNumber,15206,Variable
GraspGripperSkillType_Running,15207,Object
GraspGripperSkillType_Running_StateNumber,15208,Variable
GraspGripperSkillType_Suspended,15209,Object
GraspGripperSkillType_Suspended_StateNumber,15210,Variable
GraspGripperSkillType_HaltedToReady,15211,Object
GraspGripperSkillType_HaltedToReady_TransitionNumber,15212,Variable
GraspGripperSkillType_ReadyToRunning,15213,Object
GraspGripperSkillType_ReadyToRunning_TransitionNumber,15214,Variable
GraspGripperSkillType_RunningToHalted,15215,Object
GraspGripperSkillType_RunningToHalted_TransitionNumber,15216,Variable
GraspGripperSkillType_RunningToReady,15217,Object
GraspGripperSkillType_RunningToReady_TransitionNumber,15218,Variable
GraspGripperSkillType_RunningToSuspended,15219,Object
GraspGripperSkillType_RunningToSuspended_TransitionNumber,15220,Variable
GraspGripperSkillType_SuspendedToRunning,15221,Object
GraspGripperSkillType_SuspendedToRunning_TransitionNumber,15222,Variable
GraspGripperSkillType_SuspendedToHalted,15223,Object
GraspGripperSkillType_SuspendedToHalted_TransitionNumber,15224,Variable
GraspGripperSkillType_SuspendedToReady,15225,Object
GraspGripperSkillType_SuspendedToReady_TransitionNumber,15226,Variable
GraspGripperSkillType_ReadyToHalted,15227,Object
GraspGripperSkillType_ReadyToHalted_TransitionNumber,15228,Variable
GraspGripperSkillType_Start,15229,Method
GraspGripperSkillType_Suspend,15230,Method
GraspGripperSkillType_Resume,15231,Method
GraspGripperSkillType_Halt,15232,Method
GraspGripperSkillType_Reset,15233,Method
GraspGripperSkillType_Name,15234,Variable
GraspGripperSkillType_ParameterSet,15235,Object
GraspGripperSkillType_ParameterSet_Force,15236,Variable
GraspGripperSkillType_ParameterSet_Force_Definition,15237,Variable
GraspGripperSkillType_ParameterSet_Force_ValuePrecision,15238,Variable
GraspGripperSkillType_ParameterSet_Force_InstrumentRange,15239,Variable
GraspGripperSkillType_ParameterSet_Force_EURange,15240,Variable
GraspGripperSkillType_ParameterSet_Force_EngineeringUnits,15241,Variable
ReleaseGripperSkill,15242,ObjectType
ReleaseGripperSkill_CurrentState,15243,Variable
ReleaseGripperSkill_CurrentState_Id,15244,Variable
ReleaseGripperSkill_CurrentState_Name,15245,Variable
ReleaseGripperSkill_CurrentState_Number,15246,Variable
ReleaseGripperSkill_CurrentState_EffectiveDisplayName,15247,Variable
ReleaseGripperSkill_LastTransition,15248,Variable
ReleaseGripperSkill_LastTransition_Id,15249,Variable
ReleaseGripperSkill_LastTransition_Name,15250,Variable
ReleaseGripperSkill_LastTransition_Number,15251,Variable
ReleaseGripperSkill_LastTransition_TransitionTime,15252,Variable
ReleaseGripperSkill_LastTransition_EffectiveTransitionTime,15253,Variable
ReleaseGripperSkill_AvailableStates,15254,Variable
ReleaseGripperSkill_AvailableTransitions,15255,Variable
ReleaseGripperSkill_Creatable,15256,Variable
ReleaseGripperSkill_Deletable,15257,Variable
ReleaseGripperSkill_AutoDelete,15258,Variable
ReleaseGripperSkill_RecycleCount,15259,Variable
ReleaseGripperSkill_InstanceCount,15260,Variable
ReleaseGripperSkill_MaxInstanceCount,15261,Variable
ReleaseGripperSkill_MaxRecycleCount,15262,Variable
ReleaseGripperSkill_ProgramDiagnostic,15263,Variable
ReleaseGripperSkill_ProgramDiagnostic_CreateSessionId,15264,Variable
ReleaseGripperSkill_ProgramDiagnostic_CreateClientName,15265,Variable
ReleaseGripperSkill_ProgramDiagnostic_InvocationCreationTime,15266,Variable
ReleaseGripperSkill_ProgramDiagnostic_LastTransitionTime,15267,Variable
ReleaseGripperSkill_ProgramDiagnostic_LastMethodCall,15268,Variable
ReleaseGripperSkill_ProgramDiagnostic_LastMethodSessionId,15269,Variable
ReleaseGripperSkill_ProgramDiagnostic_LastMethodInputArguments,15270,Variable
ReleaseGripperSkill_ProgramDiagnostic_LastMethodOutputArguments,15271,Variable
ReleaseGripperSkill_ProgramDiagnostic_LastMethodInputValues,15272,Variable
ReleaseGripperSkill_ProgramDiagnostic_LastMethodOutputValues,15273,Variable
ReleaseGripperSkill_ProgramDiagnostic_LastMethodCallTime,15274,Variable
ReleaseGripperSkill_ProgramDiagnostic_LastMethodReturnStatus,15275,Variable
ReleaseGripperSkill_FinalResultData,15276,Object
ReleaseGripperSkill_Halted,15277,Object
ReleaseGripperSkill_Halted_StateNumber,15278,Variable
ReleaseGripperSkill_Ready,15279,Object
ReleaseGripperSkill_Ready_StateNumber,15280,Variable
ReleaseGripperSkill_Running,15281,Object
ReleaseGripperSkill_Running_StateNumber,15282,Variable
ReleaseGripperSkill_Suspended,15283,Object
ReleaseGripperSkill_Suspended_StateNumber,15284,Variable
ReleaseGripperSkill_HaltedToReady,15285,Object
ReleaseGripperSkill_HaltedToReady_TransitionNumber,15286,Variable
ReleaseGripperSkill_ReadyToRunning,15287,Object
ReleaseGripperSkill_ReadyToRunning_TransitionNumber,15288,Variable
ReleaseGripperSkill_RunningToHalted,15289,Object
ReleaseGripperSkill_RunningToHalted_TransitionNumber,15290,Variable
ReleaseGripperSkill_RunningToReady,15291,Object
ReleaseGripperSkill_RunningToReady_TransitionNumber,15292,Variable
ReleaseGripperSkill_RunningToSuspended,15293,Object
ReleaseGripperSkill_RunningToSuspended_TransitionNumber,15294,Variable
ReleaseGripperSkill_SuspendedToRunning,15295,Object
ReleaseGripperSkill_SuspendedToRunning_TransitionNumber,15296,Variable
ReleaseGripperSkill_SuspendedToHalted,15297,Object
ReleaseGripperSkill_SuspendedToHalted_TransitionNumber,15298,Variable
ReleaseGripperSkill_SuspendedToReady,15299,Object
ReleaseGripperSkill_SuspendedToReady_TransitionNumber,15300,Variable
ReleaseGripperSkill_ReadyToHalted,15301,Object
ReleaseGripperSkill_ReadyToHalted_TransitionNumber,15302,Variable
ReleaseGripperSkill_Start,15303,Method
ReleaseGripperSkill_Suspend,15304,Method
ReleaseGripperSkill_Resume,15305,Method
ReleaseGripperSkill_Halt,15306,Method
ReleaseGripperSkill_Reset,15307,Method
ReleaseGripperSkill_Name,15308,Variable
ReleaseGripperSkill_ParameterSet,15309,Object
ReleaseGripperSkill_ParameterSet_Force,15310,Variable
ReleaseGripperSkill_ParameterSet_Force_Definition,15311,Variable
ReleaseGripperSkill_ParameterSet_Force_ValuePrecision,15312,Variable
ReleaseGripperSkill_ParameterSet_Force_InstrumentRange,15313,Variable
ReleaseGripperSkill_ParameterSet_Force_EURange,15314,Variable
ReleaseGripperSkill_ParameterSet_Force_EngineeringUnits,15315,Variable
MoveGripperSkill,15316,ObjectType
MoveGripperSkill_CurrentState,15317,Variable
MoveGripperSkill_CurrentState_Id,15318,Variable
MoveGripperSkill_CurrentState_Name,15319,Variable
MoveGripperSkill_CurrentState_Number,15320,Variable
MoveGripperSkill_CurrentState_EffectiveDisplayName,15321,Variable
MoveGripperSkill_LastTransition,15322,Variable
MoveGripperSkill_LastTransition_Id,15323,Variable
MoveGripperSkill_LastTransition_Name,15324,Variable
MoveGripperSkill_LastTransition_Number,15325,Variable
MoveGripperSkill_LastTransition_TransitionTime,15326,Variable
MoveGripperSkill_LastTransition_EffectiveTransitionTime,15327,Variable
MoveGripperSkill_AvailableStates,15328,Variable
MoveGripperSkill_AvailableTransitions,15329,Variable
MoveGripperSkill_Creatable,15330,Variable
MoveGripperSkill_Deletable,15331,Variable
MoveGripperSkill_AutoDelete,15332,Variable
MoveGripperSkill_RecycleCount,15333,Variable
MoveGripperSkill_InstanceCount,15334,Variable
MoveGripperSkill_MaxInstanceCount,15335,Variable
MoveGripperSkill_MaxRecycleCount,15336,Variable
MoveGripperSkill_ProgramDiagnostic,15337,Variable
MoveGripperSkill_ProgramDiagnostic_CreateSessionId,15338,Variable
MoveGripperSkill_ProgramDiagnostic_CreateClientName,15339,Variable
MoveGripperSkill_ProgramDiagnostic_InvocationCreationTime,15340,Variable
MoveGripperSkill_ProgramDiagnostic_LastTransitionTime,15341,Variable
MoveGripperSkill_ProgramDiagnostic_LastMethodCall,15342,Variable
MoveGripperSkill_ProgramDiagnostic_LastMethodSessionId,15343,Variable
MoveGripperSkill_ProgramDiagnostic_LastMethodInputArguments,15344,Variable
MoveGripperSkill_ProgramDiagnostic_LastMethodOutputArguments,15345,Variable
MoveGripperSkill_ProgramDiagnostic_LastMethodInputValues,15346,Variable
MoveGripperSkill_ProgramDiagnostic_LastMethodOutputValues,15347,Variable
MoveGripperSkill_ProgramDiagnostic_LastMethodCallTime,15348,Variable
MoveGripperSkill_ProgramDiagnostic_LastMethodReturnStatus,15349,Variable
MoveGripperSkill_FinalResultData,15350,Object
MoveGripperSkill_Halted,15351,Object
MoveGripperSkill_Halted_StateNumber,15352,Variable
MoveGripperSkill_Ready,15353,Object
MoveGripperSkill_Ready_StateNumber,15354,Variable
MoveGripperSkill_Running,15355,Object
MoveGripperSkill_Running_StateNumber,15356,Variable
MoveGripperSkill_Suspended,15357,Object
MoveGripperSkill_Suspended_StateNumber,15358,Variable
MoveGripperSkill_HaltedToReady,15359,Object
MoveGripperSkill_HaltedToReady_TransitionNumber,15360,Variable
MoveGripperSkill_ReadyToRunning,15361,Object
MoveGripperSkill_ReadyToRunning_TransitionNumber,15362,Variable
MoveGripperSkill_RunningToHalted,15363,Object
MoveGripperSkill_RunningToHalted_TransitionNumber,15364,Variable
MoveGripperSkill_RunningToReady,15365,Object
MoveGripperSkill_RunningToReady_TransitionNumber,15366,Variable
MoveGripperSkill_RunningToSuspended,15367,Object
MoveGripperSkill_RunningToSuspended_TransitionNumber,15368,Variable
MoveGripperSkill_SuspendedToRunning,15369,Object
MoveGripperSkill_SuspendedToRunning_TransitionNumber,15370,Variable
MoveGripperSkill_SuspendedToHalted,15371,Object
MoveGripperSkill_SuspendedToHalted_TransitionNumber,15372,Variable
MoveGripperSkill_SuspendedToReady,15373,Object
MoveGripperSkill_SuspendedToReady_TransitionNumber,15374,Variable
MoveGripperSkill_ReadyToHalted,15375,Object
MoveGripperSkill_ReadyToHalted_TransitionNumber,15376,Variable
MoveGripperSkill_Start,15377,Method
MoveGripperSkill_Suspend,15378,Method
MoveGripperSkill_Resume,15379,Method
MoveGripperSkill_Halt,15380,Method
MoveGripperSkill_Reset,15381,Method
MoveGripperSkill_Name,15382,Variable
MoveGripperSkill_ParameterSet,15383,Object
MoveGripperSkill_ParameterSet_Width,15384,Variable
MoveGripperSkill_ParameterSet_Width_Definition,15385,Variable
MoveGripperSkill_ParameterSet_Width_ValuePrecision,15386,Variable
MoveGripperSkill_ParameterSet_Width_InstrumentRange,15387,Variable
MoveGripperSkill_ParameterSet_Width_EURange,15388,Variable
MoveGripperSkill_ParameterSet_Width_EngineeringUnits,15389,Variable
MoveGripperSkill_ParameterSet_Force,15390,Variable
MoveGripperSkill_ParameterSet_Force_Definition,15391,Variable
MoveGripperSkill_ParameterSet_Force_ValuePrecision,15392,Variable
MoveGripperSkill_ParameterSet_Force_InstrumentRange,15393,Variable
MoveGripperSkill_ParameterSet_Force_EURange,15394,Variable
MoveGripperSkill_ParameterSet_Force_EngineeringUnits,15395,Variable
ISkillControllerType,15396,ObjectType
ISkillControllerType_Name,15397,Variable
ISkillControllerType_Skills,15398,Object
ISkillControllerType_Skills_Skill__No_,15399,Object
ISkillControllerType_Skills_Skill__No__CurrentState,15400,Variable
ISkillControllerType_Skills_Skill__No__CurrentState_Id,15401,Variable
ISkillControllerType_Skills_Skill__No__CurrentState_Name,15402,Variable
ISkillControllerType_Skills_Skill__No__CurrentState_Number,15403,Variable
ISkillControllerType_Skills_Skill__No__CurrentState_EffectiveDisplayName,15404,Variable
ISkillControllerType_Skills_Skill__No__LastTransition,15405,Variable
ISkillControllerType_Skills_Skill__No__LastTransition_Id,15406,Variable
ISkillControllerType_Skills_Skill__No__LastTransition_Name,15407,Variable
ISkillControllerType_Skills_Skill__No__LastTransition_Number,15408,Variable
ISkillControllerType_Skills_Skill__No__LastTransition_TransitionTime,15409,Variable
ISkillControllerType_Skills_Skill__No__LastTransition_EffectiveTransitionTime,15410,Variable
ISkillControllerType_Skills_Skill__No__AvailableStates,15411,Variable
ISkillControllerType_Skills_Skill__No__AvailableTransitions,15412,Variable
ISkillControllerType_Skills_Skill__No__Deletable,15413,Variable
ISkillControllerType_Skills_Skill__No__AutoDelete,15414,Variable
ISkillControllerType_Skills_Skill__No__RecycleCount,15415,Variable
ISkillControllerType_Skills_Skill__No__ProgramDiagnostic,15416,Variable
ISkillControllerType_Skills_Skill__No__ProgramDiagnostic_CreateSessionId,15417,Variable
ISkillControllerType_Skills_Skill__No__ProgramDiagnostic_CreateClientName,15418,Variable
ISkillControllerType_Skills_Skill__No__ProgramDiagnostic_InvocationCreationTime,15419,Variable
ISkillControllerType_Skills_Skill__No__ProgramDiagnostic_LastTransitionTime,15420,Variable
ISkillControllerType_Skills_Skill__No__ProgramDiagnostic_LastMethodCall,15421,Variable
ISkillControllerType_Skills_Skill__No__ProgramDiagnostic_LastMethodSessionId,15422,Variable
ISkillControllerType_Skills_Skill__No__ProgramDiagnostic_LastMethodInputArguments,15423,Variable
ISkillControllerType_Skills_Skill__No__ProgramDiagnostic_LastMethodOutputArguments,15424,Variable
ISkillControllerType_Skills_Skill__No__ProgramDiagnostic_LastMethodInputValues,15425,Variable
ISkillControllerType_Skills_Skill__No__ProgramDiagnostic_LastMethodOutputValues,15426,Variable
ISkillControllerType_Skills_Skill__No__ProgramDiagnostic_LastMethodCallTime,15427,Variable
ISkillControllerType_Skills_Skill__No__ProgramDiagnostic_LastMethodReturnStatus,15428,Variable
ISkillControllerType_Skills_Skill__No__FinalResultData,15429,Object
ISkillControllerType_Skills_Skill__No__Name,15430,Variable
ISkillControllerType_Skills_Skill__No__MaxInstanceCount,15431,Variable
ISkillControllerType_Skills_Skill__No__Halted,15432,Object
ISkillControllerType_Skills_Skill__No__Halted_StateNumber,15433,Variable
ISkillControllerType_Skills_Skill__No__HaltedToReady,15434,Object
ISkillControllerType_Skills_Skill__No__HaltedToReady_TransitionNumber,15435,Variable
ISkillControllerType_Skills_Skill__No__Ready,15436,Object
ISkillControllerType_Skills_Skill__No__Ready_StateNumber,15437,Variable
ISkillControllerType_Skills_Skill__No__ReadyToHalted,15438,Object
ISkillControllerType_Skills_Skill__No__ReadyToHalted_TransitionNumber,15439,Variable
ISkillControllerType_Skills_Skill__No__ReadyToRunning,15440,Object
ISkillControllerType_Skills_Skill__No__ReadyToRunning_TransitionNumber,15441,Variable
ISkillControllerType_Skills_Skill__No__Running,15442,Object
ISkillControllerType_Skills_Skill__No__Running_StateNumber,15443,Variable
ISkillControllerType_Skills_Skill__No__RunningToHalted,15444,Object
ISkillControllerType_Skills_Skill__No__RunningToHalted_TransitionNumber,15445,Variable
ISkillControllerType_Skills_Skill__No__RunningToReady,15446,Object
ISkillControllerType_Skills_Skill__No__RunningToReady_TransitionNumber,15447,Variable
ISkillControllerType_Skills_Skill__No__RunningToSuspended,15448,Object
ISkillControllerType_Skills_Skill__No__RunningToSuspended_TransitionNumber,15449,Variable
ISkillControllerType_Skills_Skill__No__Suspended,15450,Object
ISkillControllerType_Skills_Skill__No__Suspended_StateNumber,15451,Variable
ISkillControllerType_Skills_Skill__No__SuspendedToHalted,15452,Object
ISkillControllerType_Skills_Skill__No__SuspendedToHalted_TransitionNumber,15453,Variable
ISkillControllerType_Skills_Skill__No__SuspendedToReady,15454,Object
ISkillControllerType_Skills_Skill__No__SuspendedToReady_TransitionNumber,15455,Variable
ISkillControllerType_Skills_Skill__No__SuspendedToRunning,15456,Object
ISkillControllerType_Skills_Skill__No__SuspendedToRunning_TransitionNumber,15457,Variable
ISkillControllerType_Skills_Skill__No__Halt,15458,Method
ISkillControllerType_Skills_Skill__No__Reset,15459,Method
ISkillControllerType_Skills_Skill__No__Resume,15460,Method
ISkillControllerType_Skills_Skill__No__Suspend,15461,Method
ISkillControllerType_Skills_Skill__No__Start,15462,Method
GripperDeviceControllerType,15463,ObjectType
GripperDeviceControllerType_ParameterSet,15464,Object
GripperDeviceControllerType_ParameterSet_ParameterIdentifier,15465,Variable
GripperDeviceControllerType_MethodSet,15466,Object
GripperDeviceControllerType_MethodSet_MethodIdentifier,15467,Method
GripperDeviceControllerType_GroupIdentifier,15468,Object
GripperDeviceControllerType_GroupIdentifier_UIElement,15469,Variable
GripperDeviceControllerType_Identification,15470,Object
GripperDeviceControllerType_Identification_UIElement,15471,Variable
GripperDeviceControllerType_Lock,15472,Object
FortissDiNamespaceMetadata,15473,Object
GripperDeviceControllerType_Lock_LockingClient,15474,Variable
GripperDeviceControllerType_Lock_LockingUser,15475,Variable
GripperDeviceControllerType_Lock_RemainingLockTime,15476,Variable
GripperDeviceControllerType_Lock_InitLock,15477,Method
GripperDeviceControllerType_Lock_InitLock_InputArguments,15478,Variable
GripperDeviceControllerType_Lock_InitLock_OutputArguments,15479,Variable
GripperDeviceControllerType_Lock_RenewLock,15480,Method
GripperDeviceControllerType_Lock_RenewLock_OutputArguments,15481,Variable
GripperDeviceControllerType_Lock_ExitLock,15482,Method
GripperDeviceControllerType_Lock_ExitLock_OutputArguments,15483,Variable
GripperDeviceControllerType_Lock_BreakLock,15484,Method
GripperDeviceControllerType_Lock_BreakLock_OutputArguments,15485,Variable
GripperDeviceControllerType_Manufacturer,15486,Variable
GripperDeviceControllerType_ManufacturerUri,15487,Variable
GripperDeviceControllerType_Model,15488,Variable
GripperDeviceControllerType_SerialNumber,15489,Variable
GripperDeviceControllerType_HardwareRevision,15490,Variable
GripperDeviceControllerType_SoftwareRevision,15491,Variable
GripperDeviceControllerType_DeviceRevision,15492,Variable
GripperDeviceControllerType_RevisionCounter,15493,Variable
GripperDeviceControllerType_ProductCode,15494,Variable
GripperDeviceControllerType_DeviceManual,15495,Variable
GripperDeviceControllerType_DeviceClass,15496,Variable
GripperDeviceControllerType_AssetId,15497,Variable
GripperDeviceControllerType_ComponentName,15498,Variable
GripperDeviceControllerType_Skills,15499,Object
GripperDeviceControllerType_Skills_MoveGripperSkill,15500,Object
GripperDeviceControllerType_Skills_MoveGripperSkill_CurrentState,15501,Variable
GripperDeviceControllerType_Skills_MoveGripperSkill_CurrentState_Id,15502,Variable
GripperDeviceControllerType_Skills_MoveGripperSkill_CurrentState_Name,15503,Variable
GripperDeviceControllerType_Skills_MoveGripperSkill_CurrentState_Number,15504,Variable
GripperDeviceControllerType_Skills_MoveGripperSkill_CurrentState_EffectiveDisplayName,15505,Variable
GripperDeviceControllerType_Skills_MoveGripperSkill_LastTransition,15506,Variable
GripperDeviceControllerType_Skills_MoveGripperSkill_LastTransition_Id,15507,Variable
GripperDeviceControllerType_Skills_MoveGripperSkill_LastTransition_Name,15508,Variable
GripperDeviceControllerType_Skills_MoveGripperSkill_LastTransition_Number,15509,Variable
GripperDeviceControllerType_Skills_MoveGripperSkill_LastTransition_TransitionTime,15510,Variable
GripperDeviceControllerType_Skills_MoveGripperSkill_LastTransition_EffectiveTransitionTime,15511,Variable
GripperDeviceControllerType_Skills_MoveGripperSkill_AvailableStates,15512,Variable
GripperDeviceControllerType_Skills_MoveGripperSkill_AvailableTransitions,15513,Variable
GripperDeviceControllerType_Skills_MoveGripperSkill_Deletable,15514,Variable
GripperDeviceControllerType_Skills_MoveGripperSkill_AutoDelete,15515,Variable
GripperDeviceControllerType_Skills_MoveGripperSkill_RecycleCount,15516,Variable
GripperDeviceControllerType_Skills_MoveGripperSkill_ProgramDiagnostic,15517,Variable
GripperDeviceControllerType_Skills_MoveGripperSkill_ProgramDiagnostic_CreateSessionId,15518,Variable
GripperDeviceControllerType_Skills_MoveGripperSkill_ProgramDiagnostic_CreateClientName,15519,Variable
GripperDeviceControllerType_Skills_MoveGripperSkill_ProgramDiagnostic_InvocationCreationTime,15520,Variable
GripperDeviceControllerType_Skills_MoveGripperSkill_ProgramDiagnostic_LastTransitionTime,15521,Variable
GripperDeviceControllerType_Skills_MoveGripperSkill_ProgramDiagnostic_LastMethodCall,15522,Variable
GripperDeviceControllerType_Skills_MoveGripperSkill_ProgramDiagnostic_LastMethodSessionId,15523,Variable
GripperDeviceControllerType_Skills_MoveGripperSkill_ProgramDiagnostic_LastMethodInputArguments,15524,Variable
GripperDeviceControllerType_Skills_MoveGripperSkill_ProgramDiagnostic_LastMethodOutputArguments,15525,Variable
GripperDeviceControllerType_Skills_MoveGripperSkill_ProgramDiagnostic_LastMethodInputValues,15526,Variable
GripperDeviceControllerType_Skills_MoveGripperSkill_ProgramDiagnostic_LastMethodOutputValues,15527,Variable
GripperDeviceControllerType_Skills_MoveGripperSkill_ProgramDiagnostic_LastMethodCallTime,15528,Variable
GripperDeviceControllerType_Skills_MoveGripperSkill_ProgramDiagnostic_LastMethodReturnStatus,15529,Variable
GripperDeviceControllerType_Skills_MoveGripperSkill_FinalResultData,15530,Object
GripperDeviceControllerType_Skills_MoveGripperSkill_Name,15531,Variable
GripperDeviceControllerType_Skills_MoveGripperSkill_MaxInstanceCount,15532,Variable
GripperDeviceControllerType_Skills_MoveGripperSkill_Halted,15533,Object
GripperDeviceControllerType_Skills_MoveGripperSkill_Halted_StateNumber,15534,Variable
GripperDeviceControllerType_Skills_MoveGripperSkill_HaltedToReady,15535,Object
GripperDeviceControllerType_Skills_MoveGripperSkill_HaltedToReady_TransitionNumber,15536,Variable
GripperDeviceControllerType_Skills_MoveGripperSkill_Ready,15537,Object
GripperDeviceControllerType_Skills_MoveGripperSkill_Ready_StateNumber,15538,Variable
GripperDeviceControllerType_Skills_MoveGripperSkill_ReadyToHalted,15539,Object
GripperDeviceControllerType_Skills_MoveGripperSkill_ReadyToHalted_TransitionNumber,15540,Variable
GripperDeviceControllerType_Skills_MoveGripperSkill_ReadyToRunning,15541,Object
GripperDeviceControllerType_Skills_MoveGripperSkill_ReadyToRunning_TransitionNumber,15542,Variable
GripperDeviceControllerType_Skills_MoveGripperSkill_Running,15543,Object
GripperDeviceControllerType_Skills_MoveGripperSkill_Running_StateNumber,15544,Variable
GripperDeviceControllerType_Skills_MoveGripperSkill_RunningToHalted,15545,Object
GripperDeviceControllerType_Skills_MoveGripperSkill_RunningToHalted_TransitionNumber,15546,Variable
GripperDeviceControllerType_Skills_MoveGripperSkill_RunningToReady,15547,Object
GripperDeviceControllerType_Skills_MoveGripperSkill_RunningToReady_TransitionNumber,15548,Variable
GripperDeviceControllerType_Skills_MoveGripperSkill_RunningToSuspended,15549,Object
GripperDeviceControllerType_Skills_MoveGripperSkill_RunningToSuspended_TransitionNumber,15550,Variable
GripperDeviceControllerType_Skills_MoveGripperSkill_Suspended,15551,Object
GripperDeviceControllerType_Skills_MoveGripperSkill_Suspended_StateNumber,15552,Variable
GripperDeviceControllerType_Skills_MoveGripperSkill_SuspendedToHalted,15553,Object
GripperDeviceControllerType_Skills_MoveGripperSkill_SuspendedToHalted_TransitionNumber,15554,Variable
GripperDeviceControllerType_Skills_MoveGripperSkill_SuspendedToReady,15555,Object
GripperDeviceControllerType_Skills_MoveGripperSkill_SuspendedToReady_TransitionNumber,15556,Variable
GripperDeviceControllerType_Skills_MoveGripperSkill_SuspendedToRunning,15557,Object
GripperDeviceControllerType_Skills_MoveGripperSkill_SuspendedToRunning_TransitionNumber,15558,Variable
GripperDeviceControllerType_Skills_MoveGripperSkill_Halt,15559,Method
GripperDeviceControllerType_Skills_MoveGripperSkill_Reset,15560,Method
GripperDeviceControllerType_Skills_MoveGripperSkill_Resume,15561,Method
GripperDeviceControllerType_Skills_MoveGripperSkill_Suspend,15562,Method
GripperDeviceControllerType_Skills_MoveGripperSkill_Start,15563,Method
GripperDeviceControllerType_Skills_ReleaseGripperSkill,15564,Object
GripperDeviceControllerType_Skills_ReleaseGripperSkill_CurrentState,15565,Variable
GripperDeviceControllerType_Skills_ReleaseGripperSkill_CurrentState_Id,15566,Variable
GripperDeviceControllerType_Skills_ReleaseGripperSkill_CurrentState_Name,15567,Variable
GripperDeviceControllerType_Skills_ReleaseGripperSkill_CurrentState_Number,15568,Variable
GripperDeviceControllerType_Skills_ReleaseGripperSkill_CurrentState_EffectiveDisplayName,15569,Variable
GripperDeviceControllerType_Skills_ReleaseGripperSkill_LastTransition,15570,Variable
GripperDeviceControllerType_Skills_ReleaseGripperSkill_LastTransition_Id,15571,Variable
GripperDeviceControllerType_Skills_ReleaseGripperSkill_LastTransition_Name,15572,Variable
GripperDeviceControllerType_Skills_ReleaseGripperSkill_LastTransition_Number,15573,Variable
GripperDeviceControllerType_Skills_ReleaseGripperSkill_LastTransition_TransitionTime,15574,Variable
GripperDeviceControllerType_Skills_ReleaseGripperSkill_LastTransition_EffectiveTransitionTime,15575,Variable
GripperDeviceControllerType_Skills_ReleaseGripperSkill_AvailableStates,15576,Variable
GripperDeviceControllerType_Skills_ReleaseGripperSkill_AvailableTransitions,15577,Variable
GripperDeviceControllerType_Skills_ReleaseGripperSkill_Deletable,15578,Variable
GripperDeviceControllerType_Skills_ReleaseGripperSkill_AutoDelete,15579,Variable
GripperDeviceControllerType_Skills_ReleaseGripperSkill_RecycleCount,15580,Variable
GripperDeviceControllerType_Skills_ReleaseGripperSkill_ProgramDiagnostic,15581,Variable
GripperDeviceControllerType_Skills_ReleaseGripperSkill_ProgramDiagnostic_CreateSessionId,15582,Variable
GripperDeviceControllerType_Skills_ReleaseGripperSkill_ProgramDiagnostic_CreateClientName,15583,Variable
GripperDeviceControllerType_Skills_ReleaseGripperSkill_ProgramDiagnostic_InvocationCreationTime,15584,Variable
GripperDeviceControllerType_Skills_ReleaseGripperSkill_ProgramDiagnostic_LastTransitionTime,15585,Variable
GripperDeviceControllerType_Skills_ReleaseGripperSkill_ProgramDiagnostic_LastMethodCall,15586,Variable
GripperDeviceControllerType_Skills_ReleaseGripperSkill_ProgramDiagnostic_LastMethodSessionId,15587,Variable
GripperDeviceControllerType_Skills_ReleaseGripperSkill_ProgramDiagnostic_LastMethodInputArguments,15588,Variable
GripperDeviceControllerType_Skills_ReleaseGripperSkill_ProgramDiagnostic_LastMethodOutputArguments,15589,Variable
GripperDeviceControllerType_Skills_ReleaseGripperSkill_ProgramDiagnostic_LastMethodInputValues,15590,Variable
GripperDeviceControllerType_Skills_ReleaseGripperSkill_ProgramDiagnostic_LastMethodOutputValues,15591,Variable
GripperDeviceControllerType_Skills_ReleaseGripperSkill_ProgramDiagnostic_LastMethodCallTime,15592,Variable
GripperDeviceControllerType_Skills_ReleaseGripperSkill_ProgramDiagnostic_LastMethodReturnStatus,15593,Variable
GripperDeviceControllerType_Skills_ReleaseGripperSkill_FinalResultData,15594,Object
GripperDeviceControllerType_Skills_ReleaseGripperSkill_Name,15595,Variable
GripperDeviceControllerType_Skills_ReleaseGripperSkill_MaxInstanceCount,15596,Variable
GripperDeviceControllerType_Skills_ReleaseGripperSkill_Halted,15597,Object
GripperDeviceControllerType_Skills_ReleaseGripperSkill_Halted_StateNumber,15598,Variable
GripperDeviceControllerType_Skills_ReleaseGripperSkill_HaltedToReady,15599,Object
GripperDeviceControllerType_Skills_ReleaseGripperSkill_HaltedToReady_TransitionNumber,15600,Variable
GripperDeviceControllerType_Skills_ReleaseGripperSkill_Ready,15601,Object
GripperDeviceControllerType_Skills_ReleaseGripperSkill_Ready_StateNumber,15602,Variable
GripperDeviceControllerType_Skills_ReleaseGripperSkill_ReadyToHalted,15603,Object
GripperDeviceControllerType_Skills_ReleaseGripperSkill_ReadyToHalted_TransitionNumber,15604,Variable
GripperDeviceControllerType_Skills_ReleaseGripperSkill_ReadyToRunning,15605,Object
GripperDeviceControllerType_Skills_ReleaseGripperSkill_ReadyToRunning_TransitionNumber,15606,Variable
GripperDeviceControllerType_Skills_ReleaseGripperSkill_Running,15607,Object
GripperDeviceControllerType_Skills_ReleaseGripperSkill_Running_StateNumber,15608,Variable
GripperDeviceControllerType_Skills_ReleaseGripperSkill_RunningToHalted,15609,Object
GripperDeviceControllerType_Skills_ReleaseGripperSkill_RunningToHalted_TransitionNumber,15610,Variable
GripperDeviceControllerType_Skills_ReleaseGripperSkill_RunningToReady,15611,Object
GripperDeviceControllerType_Skills_ReleaseGripperSkill_RunningToReady_TransitionNumber,15612,Variable
GripperDeviceControllerType_Skills_ReleaseGripperSkill_RunningToSuspended,15613,Object
GripperDeviceControllerType_Skills_ReleaseGripperSkill_RunningToSuspended_TransitionNumber,15614,Variable
GripperDeviceControllerType_Skills_ReleaseGripperSkill_Suspended,15615,Object
GripperDeviceControllerType_Skills_ReleaseGripperSkill_Suspended_StateNumber,15616,Variable
GripperDeviceControllerType_Skills_ReleaseGripperSkill_SuspendedToHalted,15617,Object
GripperDeviceControllerType_Skills_ReleaseGripperSkill_SuspendedToHalted_TransitionNumber,15618,Variable
GripperDeviceControllerType_Skills_ReleaseGripperSkill_SuspendedToReady,15619,Object
GripperDeviceControllerType_Skills_ReleaseGripperSkill_SuspendedToReady_TransitionNumber,15620,Variable
GripperDeviceControllerType_Skills_ReleaseGripperSkill_SuspendedToRunning,15621,Object
GripperDeviceControllerType_Skills_ReleaseGripperSkill_SuspendedToRunning_TransitionNumber,15622,Variable
GripperDeviceControllerType_Skills_ReleaseGripperSkill_Halt,15623,Method
GripperDeviceControllerType_Skills_ReleaseGripperSkill_Reset,15624,Method
GripperDeviceControllerType_Skills_ReleaseGripperSkill_Resume,15625,Method
GripperDeviceControllerType_Skills_ReleaseGripperSkill_Suspend,15626,Method
GripperDeviceControllerType_Skills_ReleaseGripperSkill_Start,15627,Method
GripperDeviceControllerType_Skills_GraspGripperSkill,15628,Object
GripperDeviceControllerType_Skills_GraspGripperSkill_CurrentState,15629,Variable
GripperDeviceControllerType_Skills_GraspGripperSkill_CurrentState_Id,15630,Variable
GripperDeviceControllerType_Skills_GraspGripperSkill_CurrentState_Name,15631,Variable
GripperDeviceControllerType_Skills_GraspGripperSkill_CurrentState_Number,15632,Variable
GripperDeviceControllerType_Skills_GraspGripperSkill_CurrentState_EffectiveDisplayName,15633,Variable
GripperDeviceControllerType_Skills_GraspGripperSkill_LastTransition,15634,Variable
GripperDeviceControllerType_Skills_GraspGripperSkill_LastTransition_Id,15635,Variable
GripperDeviceControllerType_Skills_GraspGripperSkill_LastTransition_Name,15636,Variable
GripperDeviceControllerType_Skills_GraspGripperSkill_LastTransition_Number,15637,Variable
GripperDeviceControllerType_Skills_GraspGripperSkill_LastTransition_TransitionTime,15638,Variable
GripperDeviceControllerType_Skills_GraspGripperSkill_LastTransition_EffectiveTransitionTime,15639,Variable
GripperDeviceControllerType_Skills_GraspGripperSkill_AvailableStates,15640,Variable
GripperDeviceControllerType_Skills_GraspGripperSkill_AvailableTransitions,15641,Variable
GripperDeviceControllerType_Skills_GraspGripperSkill_Deletable,15642,Variable
GripperDeviceControllerType_Skills_GraspGripperSkill_AutoDelete,15643,Variable
GripperDeviceControllerType_Skills_GraspGripperSkill_RecycleCount,15644,Variable
GripperDeviceControllerType_Skills_GraspGripperSkill_ProgramDiagnostic,15645,Variable
GripperDeviceControllerType_Skills_GraspGripperSkill_ProgramDiagnostic_CreateSessionId,15646,Variable
GripperDeviceControllerType_Skills_GraspGripperSkill_ProgramDiagnostic_CreateClientName,15647,Variable
GripperDeviceControllerType_Skills_GraspGripperSkill_ProgramDiagnostic_InvocationCreationTime,15648,Variable
GripperDeviceControllerType_Skills_GraspGripperSkill_ProgramDiagnostic_LastTransitionTime,15649,Variable
GripperDeviceControllerType_Skills_GraspGripperSkill_ProgramDiagnostic_LastMethodCall,15650,Variable
GripperDeviceControllerType_Skills_GraspGripperSkill_ProgramDiagnostic_LastMethodSessionId,15651,Variable
GripperDeviceControllerType_Skills_GraspGripperSkill_ProgramDiagnostic_LastMethodInputArguments,15652,Variable
GripperDeviceControllerType_Skills_GraspGripperSkill_ProgramDiagnostic_LastMethodOutputArguments,15653,Variable
GripperDeviceControllerType_Skills_GraspGripperSkill_ProgramDiagnostic_LastMethodInputValues,15654,Variable
GripperDeviceControllerType_Skills_GraspGripperSkill_ProgramDiagnostic_LastMethodOutputValues,15655,Variable
GripperDeviceControllerType_Skills_GraspGripperSkill_ProgramDiagnostic_LastMethodCallTime,15656,Variable
GripperDeviceControllerType_Skills_GraspGripperSkill_ProgramDiagnostic_LastMethodReturnStatus,15657,Variable
GripperDeviceControllerType_Skills_GraspGripperSkill_FinalResultData,15658,Object
GripperDeviceControllerType_Skills_GraspGripperSkill_Name,15659,Variable
GripperDeviceControllerType_Skills_GraspGripperSkill_MaxInstanceCount,15660,Variable
GripperDeviceControllerType_Skills_GraspGripperSkill_Halted,15661,Object
GripperDeviceControllerType_Skills_GraspGripperSkill_Halted_StateNumber,15662,Variable
GripperDeviceControllerType_Skills_GraspGripperSkill_HaltedToReady,15663,Object
GripperDeviceControllerType_Skills_GraspGripperSkill_HaltedToReady_TransitionNumber,15664,Variable
GripperDeviceControllerType_Skills_GraspGripperSkill_Ready,15665,Object
GripperDeviceControllerType_Skills_GraspGripperSkill_Ready_StateNumber,15666,Variable
GripperDeviceControllerType_Skills_GraspGripperSkill_ReadyToHalted,15667,Object
GripperDeviceControllerType_Skills_GraspGripperSkill_ReadyToHalted_TransitionNumber,15668,Variable
GripperDeviceControllerType_Skills_GraspGripperSkill_ReadyToRunning,15669,Object
GripperDeviceControllerType_Skills_GraspGripperSkill_ReadyToRunning_TransitionNumber,15670,Variable
GripperDeviceControllerType_Skills_GraspGripperSkill_Running,15671,Object
GripperDeviceControllerType_Skills_GraspGripperSkill_Running_StateNumber,15672,Variable
GripperDeviceControllerType_Skills_GraspGripperSkill_RunningToHalted,15673,Object
GripperDeviceControllerType_Skills_GraspGripperSkill_RunningToHalted_TransitionNumber,15674,Variable
GripperDeviceControllerType_Skills_GraspGripperSkill_RunningToReady,15675,Object
GripperDeviceControllerType_Skills_GraspGripperSkill_RunningToReady_TransitionNumber,15676,Variable
GripperDeviceControllerType_Skills_GraspGripperSkill_RunningToSuspended,15677,Object
GripperDeviceControllerType_Skills_GraspGripperSkill_RunningToSuspended_TransitionNumber,15678,Variable
GripperDeviceControllerType_Skills_GraspGripperSkill_Suspended,15679,Object
GripperDeviceControllerType_Skills_GraspGripperSkill_Suspended_StateNumber,15680,Variable
GripperDeviceControllerType_Skills_GraspGripperSkill_SuspendedToHalted,15681,Object
GripperDeviceControllerType_Skills_GraspGripperSkill_SuspendedToHalted_TransitionNumber,15682,Variable
GripperDeviceControllerType_Skills_GraspGripperSkill_SuspendedToReady,15683,Object
GripperDeviceControllerType_Skills_GraspGripperSkill_SuspendedToReady_TransitionNumber,15684,Variable
GripperDeviceControllerType_Skills_GraspGripperSkill_SuspendedToRunning,15685,Object
GripperDeviceControllerType_Skills_GraspGripperSkill_SuspendedToRunning_TransitionNumber,15686,Variable
GripperDeviceControllerType_Skills_GraspGripperSkill_Halt,15687,Method
GripperDeviceControllerType_Skills_GraspGripperSkill_Reset,15688,Method
GripperDeviceControllerType_Skills_GraspGripperSkill_Resume,15689,Method
GripperDeviceControllerType_Skills_GraspGripperSkill_Suspend,15690,Method
GripperDeviceControllerType_Skills_GraspGripperSkill_Start,15691,Method
SensorType,15692,ObjectType
SensorType_ParameterSet,15693,Object
SensorType_ParameterSet_ParameterIdentifier,15694,Variable
SensorType_MethodSet,15695,Object
SensorType_MethodSet_MethodIdentifier,15696,Method
SensorType_GroupIdentifier,15697,Object
SensorType_GroupIdentifier_UIElement,15698,Variable
SensorType_Identification,15699,Object
SensorType_Identification_UIElement,15700,Variable
SensorType_Lock,15701,Object
FortissDiNamespaceMetadata_NamespaceUri,15702,Variable
SensorType_Lock_LockingClient,15703,Variable
SensorType_Lock_LockingUser,15704,Variable
SensorType_Lock_RemainingLockTime,15705,Variable
SensorType_Lock_InitLock,15706,Method
SensorType_Lock_InitLock_InputArguments,15707,Variable
SensorType_Lock_InitLock_OutputArguments,15708,Variable
SensorType_Lock_RenewLock,15709,Method
SensorType_Lock_RenewLock_OutputArguments,15710,Variable
SensorType_Lock_ExitLock,15711,Method
SensorType_Lock_ExitLock_OutputArguments,15712,Variable
SensorType_Lock_BreakLock,15713,Method
SensorType_Lock_BreakLock_OutputArguments,15714,Variable
SensorType_Manufacturer,15715,Variable
SensorType_ManufacturerUri,15716,Variable
SensorType_Model,15717,Variable
SensorType_SerialNumber,15718,Variable
SensorType_HardwareRevision,15719,Variable
SensorType_SoftwareRevision,15720,Variable
SensorType_DeviceRevision,15721,Variable
SensorType_RevisionCounter,15722,Variable
SensorType_ProductCode,15723,Variable
SensorType_DeviceManual,15724,Variable
SensorType_DeviceClass,15725,Variable
SensorType_AssetId,15726,Variable
SensorType_ComponentName,15727,Variable
ForceTorqueSensorType,15728,ObjectType
ForceTorqueSensorType_ParameterSet,15729,Object
ForceTorqueSensorType_ParameterSet_ParameterIdentifier,15730,Variable
ForceTorqueSensorType_MethodSet,15731,Object
ForceTorqueSensorType_MethodSet_MethodIdentifier,15732,Method
ForceTorqueSensorType_GroupIdentifier,15733,Object
ForceTorqueSensorType_GroupIdentifier_UIElement,15734,Variable
ForceTorqueSensorType_Identification,15735,Object
ForceTorqueSensorType_Identification_UIElement,15736,Variable
ForceTorqueSensorType_Lock,15737,Object
FortissDiNamespaceMetadata_NamespaceVersion,15738,Variable
ForceTorqueSensorType_Lock_LockingClient,15739,Variable
ForceTorqueSensorType_Lock_LockingUser,15740,Variable
ForceTorqueSensorType_Lock_RemainingLockTime,15741,Variable
ForceTorqueSensorType_Lock_InitLock,15742,Method
ForceTorqueSensorType_Lock_InitLock_InputArguments,15743,Variable
ForceTorqueSensorType_Lock_InitLock_OutputArguments,15744,Variable
ForceTorqueSensorType_Lock_RenewLock,15745,Method
ForceTorqueSensorType_Lock_RenewLock_OutputArguments,15746,Variable
ForceTorqueSensorType_Lock_ExitLock,15747,Method
ForceTorqueSensorType_Lock_ExitLock_OutputArguments,15748,Variable
ForceTorqueSensorType_Lock_BreakLock,15749,Method
ForceTorqueSensorType_Lock_BreakLock_OutputArguments,15750,Variable
ForceTorqueSensorType_Manufacturer,15751,Variable
ForceTorqueSensorType_ManufacturerUri,15752,Variable
ForceTorqueSensorType_Model,15753,Variable
ForceTorqueSensorType_SerialNumber,15754,Variable
ForceTorqueSensorType_HardwareRevision,15755,Variable
ForceTorqueSensorType_SoftwareRevision,15756,Variable
ForceTorqueSensorType_DeviceRevision,15757,Variable
ForceTorqueSensorType_RevisionCounter,15758,Variable
ForceTorqueSensorType_ProductCode,15759,Variable
ForceTorqueSensorType_DeviceManual,15760,Variable
ForceTorqueSensorType_DeviceClass,15761,Variable
ForceTorqueSensorType_AssetId,15762,Variable
ForceTorqueSensorType_ComponentName,15763,Variable
ForceTorqueSensorType_ForceSensor,15764,Object
ForceTorqueSensorType_ForceSensor_ParameterSet,15765,Object
ForceTorqueSensorType_ForceSensor_ParameterSet_ParameterIdentifier,15766,Variable
ForceTorqueSensorType_ForceSensor_MethodSet,15767,Object
ForceTorqueSensorType_ForceSensor_MethodSet_MethodIdentifier,15768,Method
ForceTorqueSensorType_ForceSensor_Identification,15769,Object
ForceTorqueSensorType_ForceSensor_Identification_UIElement,15770,Variable
ForceTorqueSensorType_ForceSensor_Lock,15771,Object
FortissDiNamespaceMetadata_NamespacePublicationDate,15772,Variable
ForceTorqueSensorType_ForceSensor_Lock_LockingClient,15773,Variable
ForceTorqueSensorType_ForceSensor_Lock_LockingUser,15774,Variable
ForceTorqueSensorType_ForceSensor_Lock_RemainingLockTime,15775,Variable
ForceTorqueSensorType_ForceSensor_Lock_InitLock,15776,Method
ForceTorqueSensorType_ForceSensor_Lock_InitLock_InputArguments,15777,Variable
ForceTorqueSensorType_ForceSensor_Lock_InitLock_OutputArguments,15778,Variable
ForceTorqueSensorType_ForceSensor_Lock_RenewLock,15779,Method
ForceTorqueSensorType_ForceSensor_Lock_RenewLock_OutputArguments,15780,Variable
ForceTorqueSensorType_ForceSensor_Lock_ExitLock,15781,Method
ForceTorqueSensorType_ForceSensor_Lock_ExitLock_OutputArguments,15782,Variable
ForceTorqueSensorType_ForceSensor_Lock_BreakLock,15783,Method
ForceTorqueSensorType_ForceSensor_Lock_BreakLock_OutputArguments,15784,Variable
ForceTorqueSensorType_ForceSensor_Manufacturer,15785,Variable
ForceTorqueSensorType_ForceSensor_ManufacturerUri,15786,Variable
ForceTorqueSensorType_ForceSensor_Model,15787,Variable
ForceTorqueSensorType_ForceSensor_SerialNumber,15788,Variable
ForceTorqueSensorType_ForceSensor_HardwareRevision,15789,Variable
ForceTorqueSensorType_ForceSensor_SoftwareRevision,15790,Variable
ForceTorqueSensorType_ForceSensor_DeviceRevision,15791,Variable
ForceTorqueSensorType_ForceSensor_RevisionCounter,15792,Variable
ForceTorqueSensorType_ForceSensor_ProductCode,15793,Variable
ForceTorqueSensorType_ForceSensor_DeviceManual,15794,Variable
ForceTorqueSensorType_ForceSensor_DeviceClass,15795,Variable
ForceTorqueSensorType_ForceSensor_AssetId,15796,Variable
ForceTorqueSensorType_ForceSensor_ComponentName,15797,Variable
ForceTorqueSensorType_ForceSensor_Force,15798,Variable
ForceTorqueSensorType_ForceSensor_Force_Definition,15799,Variable
ForceTorqueSensorType_ForceSensor_Force_ValuePrecision,15800,Variable
ForceTorqueSensorType_ForceSensor_Force_InstrumentRange,15801,Variable
ForceTorqueSensorType_ForceSensor_Force_EURange,15802,Variable
ForceTorqueSensorType_ForceSensor_Force_EngineeringUnits,15803,Variable
ForceTorqueSensorType_TorqueSensor,15804,Object
ForceTorqueSensorType_TorqueSensor_ParameterSet,15805,Object
ForceTorqueSensorType_TorqueSensor_ParameterSet_ParameterIdentifier,15806,Variable
ForceTorqueSensorType_TorqueSensor_MethodSet,15807,Object
ForceTorqueSensorType_TorqueSensor_MethodSet_MethodIdentifier,15808,Method
ForceTorqueSensorType_TorqueSensor_Identification,15809,Object
ForceTorqueSensorType_TorqueSensor_Identification_UIElement,15810,Variable
ForceTorqueSensorType_TorqueSensor_Lock,15811,Object
FortissDiNamespaceMetadata_IsNamespaceSubset,15812,Variable
ForceTorqueSensorType_TorqueSensor_Lock_LockingClient,15813,Variable
ForceTorqueSensorType_TorqueSensor_Lock_LockingUser,15814,Variable
ForceTorqueSensorType_TorqueSensor_Lock_RemainingLockTime,15815,Variable
ForceTorqueSensorType_TorqueSensor_Lock_InitLock,15816,Method
ForceTorqueSensorType_TorqueSensor_Lock_InitLock_InputArguments,15817,Variable
ForceTorqueSensorType_TorqueSensor_Lock_InitLock_OutputArguments,15818,Variable
ForceTorqueSensorType_TorqueSensor_Lock_RenewLock,15819,Method
ForceTorqueSensorType_TorqueSensor_Lock_RenewLock_OutputArguments,15820,Variable
ForceTorqueSensorType_TorqueSensor_Lock_ExitLock,15821,Method
ForceTorqueSensorType_TorqueSensor_Lock_ExitLock_OutputArguments,15822,Variable
ForceTorqueSensorType_TorqueSensor_Lock_BreakLock,15823,Method
ForceTorqueSensorType_TorqueSensor_Lock_BreakLock_OutputArguments,15824,Variable
ForceTorqueSensorType_TorqueSensor_Manufacturer,15825,Variable
ForceTorqueSensorType_TorqueSensor_ManufacturerUri,15826,Variable
ForceTorqueSensorType_TorqueSensor_Model,15827,Variable
ForceTorqueSensorType_TorqueSensor_SerialNumber,15828,Variable
ForceTorqueSensorType_TorqueSensor_HardwareRevision,15829,Variable
ForceTorqueSensorType_TorqueSensor_SoftwareRevision,15830,Variable
ForceTorqueSensorType_TorqueSensor_DeviceRevision,15831,Variable
ForceTorqueSensorType_TorqueSensor_RevisionCounter,15832,Variable
ForceTorqueSensorType_TorqueSensor_ProductCode,15833,Variable
ForceTorqueSensorType_TorqueSensor_DeviceManual,15834,Variable
ForceTorqueSensorType_TorqueSensor_DeviceClass,15835,Variable
ForceTorqueSensorType_TorqueSensor_AssetId,15836,Variable
ForceTorqueSensorType_TorqueSensor_ComponentName,15837,Variable
ForceTorqueSensorType_TorqueSensor_Torque,15838,Variable
ForceTorqueSensorType_TorqueSensor_Torque_Definition,15839,Variable
ForceTorqueSensorType_TorqueSensor_Torque_ValuePrecision,15840,Variable
ForceTorqueSensorType_TorqueSensor_Torque_InstrumentRange,15841,Variable
ForceTorqueSensorType_TorqueSensor_Torque_EURange,15842,Variable
ForceTorqueSensorType_TorqueSensor_Torque_EngineeringUnits,15843,Variable
SkillTransitionEventType,15844,ObjectType
SkillTransitionEventType_EventId,15845,Variable
SkillTransitionEventType_EventType,15846,Variable
SkillTransitionEventType_SourceNode,15847,Variable
SkillTransitionEventType_SourceName,15848,Variable
SkillTransitionEventType_Time,15849,Variable
SkillTransitionEventType_ReceiveTime,15850,Variable
SkillTransitionEventType_LocalTime,15851,Variable
SkillTransitionEventType_Message,15852,Variable
SkillTransitionEventType_Severity,15853,Variable
SkillTransitionEventType_Transition,15854,Variable
SkillTransitionEventType_Transition_Id,15855,Variable
SkillTransitionEventType_Transition_Name,15856,Variable
SkillTransitionEventType_Transition_Number,15857,Variable
SkillTransitionEventType_Transition_TransitionTime,15858,Variable
SkillTransitionEventType_Transition_EffectiveTransitionTime,15859,Variable
SkillTransitionEventType_FromState,15860,Variable
SkillTransitionEventType_FromState_Id,15861,Variable
SkillTransitionEventType_FromState_Name,15862,Variable
SkillTransitionEventType_FromState_Number,15863,Variable
SkillTransitionEventType_FromState_EffectiveDisplayName,15864,Variable
SkillTransitionEventType_ToState,15865,Variable
SkillTransitionEventType_ToState_Id,15866,Variable
SkillTransitionEventType_ToState_Name,15867,Variable
SkillTransitionEventType_ToState_Number,15868,Variable
SkillTransitionEventType_ToState_EffectiveDisplayName,15869,Variable
SkillTransitionEventType_IntermediateResult,15870,Variable
GripperDeviceControllerType_Lock_Locked,15871,Variable
GripperDeviceControllerType_ProductInstanceUri,15872,Variable
SensorType_Lock_Locked,15873,Variable
SensorType_ProductInstanceUri,15874,Variable
ForceTorqueSensorType_Lock_Locked,15875,Variable
ForceTorqueSensorType_ProductInstanceUri,15876,Variable
ForceTorqueSensorType_ForceSensor_Lock_Locked,15877,Variable
ForceTorqueSensorType_ForceSensor_ProductInstanceUri,15878,Variable
ForceTorqueSensorType_TorqueSensor_Lock_Locked,15879,Variable
ForceTorqueSensorType_TorqueSensor_ProductInstanceUri,15880,Variable
FortissDiNamespaceMetadata_StaticNodeIdTypes,15881,Variable
FortissDiNamespaceMetadata_StaticNumericNodeIdRange,15882,Variable
FortissDiNamespaceMetadata_StaticStringNodeIdPattern,15883,Variable
FortissDiNamespaceMetadata_NamespaceFile,15884,Object
FortissDiNamespaceMetadata_NamespaceFile_Size,15885,Variable
FortissDiNamespaceMetadata_NamespaceFile_Writable,15886,Variable
FortissDiNamespaceMetadata_NamespaceFile_UserWritable,15887,Variable
FortissDiNamespaceMetadata_NamespaceFile_OpenCount,15888,Variable
FortissDiNamespaceMetadata_NamespaceFile_MimeType,15889,Variable
FortissDiNamespaceMetadata_NamespaceFile_Open,15890,Method
FortissDiNamespaceMetadata_NamespaceFile_Open_InputArguments,15891,Variable
FortissDiNamespaceMetadata_NamespaceFile_Open_OutputArguments,15892,Variable
FortissDiNamespaceMetadata_NamespaceFile_Close,15893,Method
FortissDiNamespaceMetadata_NamespaceFile_Close_InputArguments,15894,Variable
FortissDiNamespaceMetadata_NamespaceFile_Read,15895,Method
FortissDiNamespaceMetadata_NamespaceFile_Read_InputArguments,15896,Variable
FortissDiNamespaceMetadata_NamespaceFile_Read_OutputArguments,15897,Variable
FortissDiNamespaceMetadata_NamespaceFile_Write,15898,Method
FortissDiNamespaceMetadata_NamespaceFile_Write_InputArguments,15899,Variable
FortissDiNamespaceMetadata_NamespaceFile_GetPosition,15900,Method
FortissDiNamespaceMetadata_NamespaceFile_GetPosition_InputArguments,15901,Variable
FortissDiNamespaceMetadata_NamespaceFile_GetPosition_OutputArguments,15902,Variable
FortissDiNamespaceMetadata_NamespaceFile_SetPosition,15903,Method
FortissDiNamespaceMetadata_NamespaceFile_SetPosition_InputArguments,15904,Variable
FortissDiNamespaceMetadata_NamespaceFile_ExportNamespace,15905,Method
FortissDiNamespaceMetadata_DefaultRolePermissions,15906,Variable
FortissDiNamespaceMetadata_DefaultUserRolePermissions,15907,Variable
FortissDiNamespaceMetadata_DefaultAccessRestrictions,15908,Variable
